
================================================================================
📊 FIELD COVERAGE ANALYSIS
================================================================================

                    Field Coverage                    
┏━━━━━━━━━━━━━━━━━━━━━━━┳━━━━━━━━━┳━━━━━━━━━┳━━━━━━━━┓
┃ Field                 ┃ Present ┃ Missing ┃ %      ┃
┡━━━━━━━━━━━━━━━━━━━━━━━╇━━━━━━━━━╇━━━━━━━━━╇━━━━━━━━┩
│ id                    │ 1000    │ 0       │ 100.0% │
│ created_at            │ 1000    │ 0       │ 100.0% │
│ updated_at            │ 1000    │ 0       │ 100.0% │
│ state                 │ 1000    │ 0       │ 100.0% │
│ priority              │ 1000    │ 0       │ 100.0% │
│ ai_agent_participated │ 1000    │ 0       │ 100.0% │
│ custom_attributes     │ 1000    │ 0       │ 100.0% │
│ tags                  │ 1000    │ 0       │ 100.0% │
│ topics                │ 1000    │ 0       │ 100.0% │
│ conversation_parts    │ 1000    │ 0       │ 100.0% │
│ source                │ 1000    │ 0       │ 100.0% │
│ statistics            │ 1000    │ 0       │ 100.0% │
│ contacts              │ 1000    │ 0       │ 100.0% │
│ admin_assignee_id     │ 991     │ 9       │ 99.1%  │
│ ai_agent              │ 850     │ 150     │ 85.0%  │
│ conversation_rating   │ 803     │ 197     │ 80.3%  │
│ tier                  │ 0       │ 1000    │ 0.0%   │
│ assignee              │ 0       │ 1000    │ 0.0%   │
└───────────────────────┴─────────┴─────────┴────────┘

================================================================================
🔍 CUSTOM ATTRIBUTES DEEP DIVE
================================================================================

Total conversations with custom_attributes: 1000 (100.0%)
Unique attribute keys: 32

                         Custom Attribute Keys (Top 20)                         
┏━━━━━━━━━━━━━━━━━━━━━━━━━━━━━━┳━━━━━━━┳━━━━━━━━┳━━━━━━━━━━━━━━━━━━━━━━━━━━━━━━┓
┃ Key                          ┃ Count ┃ %      ┃ Sample Values                ┃
┡━━━━━━━━━━━━━━━━━━━━━━━━━━━━━━╇━━━━━━━╇━━━━━━━━╇━━━━━━━━━━━━━━━━━━━━━━━━━━━━━━┩
│ Has attachments              │ 1000  │ 100.0% │ True, False                  │
│ Imported via standalone      │ 1000  │ 100.0% │ False                        │
│ Auto-translated              │ 1000  │ 100.0% │ False, True                  │
│ Fin AI Agent: Preview        │ 1000  │ 100.0% │ False                        │
│ Copilot used                 │ 1000  │ 100.0% │ False, True                  │
│ Language                     │ 891   │ 89.1%  │ Dutch, Brazilian Portuguese, │
│                              │       │        │ Korean                       │
│ Fin AI Agent resolution      │ 770   │ 77.0%  │ Routed to team, Assumed      │
│ state                        │       │        │ Resolution, Confirmed        │
│                              │       │        │ Resolution                   │
│ CX Score rating              │ 581   │ 58.1%  │ 2, 5, 4                      │
│ CX Score explanation         │ 581   │ 58.1%  │ The customer reported a      │
│                              │       │        │ produc, The customer sought  │
│                              │       │        │ help with , The customer     │
│                              │       │        │ experienced frust            │
│ Reason for contact           │ 491   │ 49.1%  │ Product Question, Billing,   │
│                              │       │        │ Workspace                    │
│ Billing                      │ 286   │ 28.6%  │ Refund, Payment              │
│                              │       │        │ unsuccessful, Subscription   │
│ Refund                       │ 211   │ 21.1%  │ Given , Denied               │
│ Given Reason                 │ 194   │ 19.4%  │ Reason unknown, Did not use, │
│                              │       │        │ Update email address         │
│ Subscription                 │ 90    │ 9.0%   │ Manage, No subscription      │
│                              │       │        │ found, Cancel                │
│ Product Question             │ 46    │ 4.6%   │ Sites, Images, Presentations │
│ Account                      │ 28    │ 2.8%   │ Signing in, Update email     │
│                              │       │        │ address (paid), Credits      │
│ Bug                          │ 19    │ 1.9%   │ Export, Embeds, Images       │
│ Abuse                        │ 15    │ 1.5%   │ Disabled                     │
│ Moderator decision           │ 15    │ 1.5%   │ Re-enabled, Keep disabled    │
│ Disabled                     │ 15    │ 1.5%   │ Share option disabled,       │
│                              │       │        │ Malicious links              │
└──────────────────────────────┴───────┴────────┴──────────────────────────────┘

================================================================================
📈 CONVERSATION STATISTICS (All 50)
================================================================================

State Distribution:
  closed: 1000 (100.0%)

Text Length (source.body only):
  Min: 0 chars
  Avg: 3158 chars
  Max: 52464 chars

Conversation Parts Count:
  Min: 6
  Avg: 27.4
  Max: 168

AI Agent (Fin) Participation:
  Participated: 850/1000 (85.0%)

AI Resolution States:
  assumed_resolution: 419
  routed_to_team: 301
  unknown: 230
  confirmed_resolution: 46
  abandoned: 4

================================================================================
👤 AGENT ATTRIBUTION ANALYSIS
================================================================================

                            Agent Attribution                            
┏━━━━━━━━━━━━━━━━━━━━━━┳━━━━━━━┳━━━━━━━┳━━━━━━━━━━━━━━━━━━━━━━━━━━━━━━━━┓
┃ Agent Type           ┃ Count ┃ %     ┃ Note                           ┃
┡━━━━━━━━━━━━━━━━━━━━━━╇━━━━━━━╇━━━━━━━╇━━━━━━━━━━━━━━━━━━━━━━━━━━━━━━━━┩
│ Support Sal (Fin AI) │ 999   │ 99.9% │ ✅ Should be ~75% if fix works │
│ Human Admin          │ 1     │ 0.1%  │ ✅ Should be ~25%              │
│ Bot (No Sal)         │ 0     │ 0.0%  │ Old Fin format                 │
│ No Admin Response    │ 0     │ 0.0%  │ User-only messages             │
└──────────────────────┴───────┴───────┴────────────────────────────────┘

Sample Sal Conversation:
  Name: Yerison
  Email: yerison.domingo@hirehoratio.co
  Type: admin

================================================================================
🎯 TOPIC DETECTION SUMMARY (All 50)
Keyword matching across all conversations
================================================================================

      Topic Detection (Production Agent - Shows ALL Matches)      
┏━━━━━━━━━━━━━━━━━━━━━━┳━━━━━━━━━┳━━━━━━━┳━━━━━━━━━━━━━━━━━━━━━━━┓
┃ Topic                ┃ Matched ┃ %     ┃ Top Keywords          ┃
┡━━━━━━━━━━━━━━━━━━━━━━╇━━━━━━━━━╇━━━━━━━╇━━━━━━━━━━━━━━━━━━━━━━━┩
│ Billing              │ 514     │ 51.4% │ (none)                │
│ Product Question     │ 293     │ 29.3% │ (none)                │
│ Account              │ 99      │ 9.9%  │ (none)                │
│ Bug                  │ 82      │ 8.2%  │ (none)                │
│ Unknown              │ 68      │ 6.8%  │ (none)                │
│ Workspace            │ 57      │ 5.7%  │ (none)                │
│ Promotions           │ 22      │ 2.2%  │ (none)                │
│ Partnerships         │ 19      │ 1.9%  │ (none)                │
│ Privacy              │ 13      │ 1.3%  │ (none)                │
│ Feedback             │ 12      │ 1.2%  │ (none)                │
│ Abuse                │ 6       │ 0.6%  │ (none)                │
│ Chargeback           │ 6       │ 0.6%  │ (none)                │
│ Agent/Buddy          │ 4       │ 0.4%  │ (none)                │
│ Unknown/unresponsive │ 1       │ 0.1%  │ (none)                │
│ Unknown/No Match     │ 0       │ 0.0%  │ (no keywords matched) │
└──────────────────────┴─────────┴───────┴───────────────────────┘

================================================================================
📋 ALL 50 CONVERSATIONS (Quick Overview)
================================================================================

┏┳━━━━━━━━━━━━┳━━━━┳━┳┳━━━━━━━━━━━━━━━━━━━━┳━━━━━━━━━━━━━━━━━━━━━━━━━━━━━━━━━━━┓
┃┃ ID         ┃ S… ┃ ┃┃ Reason for Contact ┃ Text Preview                      ┃
┡╇━━━━━━━━━━━━╇━━━━╇━╇╇━━━━━━━━━━━━━━━━━━━━╇━━━━━━━━━━━━━━━━━━━━━━━━━━━━━━━━━━━┩
││ 471356786… │ c… │ ││ Product Question   │ Goedemorgen, ik heb helaas geen   │
││            │    │ ││                    │ reactie meer gehad. Kunnen j...   │
││ 471360827… │ c… │ ││ -                  │ Renovei minha assinatura, mas não │
││            │    │ ││                    │ está disponível. Não consi...     │
││ 471356849… │ c… │ ││ -                  │ 결제취소를 하고 싶어요 i want to  │
││            │    │ ││                    │ cancel a payment ––– Translated   │
││            │    │ ││                    │ by Lo...                          │
││ 471357019… │ c… │ ││ Billing            │ Can I use Google Authentication   │
││            │    │ ││                    │ to log in? How to sign into ...   │
││ 471356185… │ c… │ ││ -                  │ PPT中自动插入图片 Automatically   │
││            │    │ ││                    │ insert pictures in PPT –––        │
││            │    │ ││                    │ Translat...                       │
││ 471360844… │ c… │ ││ -                  │ How do you protect my companies   │
││            │    │ ││                    │ IP We protect your company's...   │
││ 471362499… │ c… │ ││ Workspace          │ I am losing my icon images in     │
││            │    │ ││                    │ Google slides - they show in P... │
││ 471356026… │ c… │ ││ Billing            │ I have paid the recurring         │
││            │    │ ││                    │ subscription of 500INR but the    │
││            │    │ ││                    │ gam...                            │
││ 471355475… │ c… │ ││ Account            │ I connected pro to the wrong      │
││            │    │ ││                    │ account. can you please           │
││            │    │ ││                    │ connect...                        │
││ 471360897… │ c… │ ││ Billing            │ I already made a payment and I am │
││            │    │ ││                    │ wondering what this paymen...     │
││ 471355852… │ c… │ ││ Bug                │ Estoy intentando embeber una      │
││            │    │ ││                    │ presentación en mi web, pero      │
││            │    │ ││                    │ el...                             │
││ 471362018… │ c… │ ││ Billing            │ На карту Приватбанк               │
││            │    │ ││                    │ 5168752099407713 Перевод был с    │
││            │    │ ││                    │ этой карт...                      │
││ 471362521… │ c… │ ││ Billing            │ Cancel my subscription To manage  │
││            │    │ ││                    │ your billing info, you can ...    │
││ 471360818… │ c… │ ││ Abuse              │ Hello, I am a PRO subscriber. I   │
││            │    │ ││                    │ created a project that I sen...   │
││ 471357953… │ c… │ ││ -                  │ Che tipo di tema ho utilizzato    │
││            │    │ ││                    │ per questa landing page What ...  │
││ 471360849… │ c… │ ││ Account            │ following the advice provided, I  │
││            │    │ ││                    │ have removed the additional...    │
││ 471355827… │ c… │ ││ Billing            │ See below for my email last       │
││            │    │ ││                    │ February about cancelling, why    │
││            │    │ ││                    │ w...                              │
││ 471358582… │ c… │ ││ Unknown/Unresponsi │ 안녕하세요. 저희 직원이 실수로    │
││            │    │ ││ ve                 │ 연간 회원을 결제했습니다. 월      │
││            │    │ ││                    │ 1회로 이용하다 연장하고자         │
││            │    │ ││                    │ 했는데.. 실수로 ...               │
││ 471358435… │ c… │ ││ Workspace          │ user email                        │
││            │    │ ││                    │ orly.traubici@shift4.com,         │
││            │    │ ││                    │ activated but still sho...        │
││ 471362509… │ c… │ ││ Abuse              │ I built this website a week ago   │
││            │    │ ││                    │ and could not insert the htm...   │
││ 471361190… │ c… │ ││ Account            │ trocar meu email change my email  │
││            │    │ ││                    │ ––– Translated by Lokalise ...    │
││ 471358169… │ c… │ ││ Account            │ email aktualisieren update email  │
││            │    │ ││                    │ ––– Translated by Lokalise ...    │
││ 471360352… │ c… │ ││ Billing            │ Olá fiz assinatura com pagamento  │
││            │    │ ││                    │ mensal e foi debitado do me...    │
││ 471358162… │ c… │ ││ Billing            │ Hi, I have downgraded my plan     │
││            │    │ ││                    │ from Pro, 2 seats paid annuall... │
││ 471356237… │ c… │ ││ Billing            │ We need to set up a meeting after │
││            │    │ ││                    │ 17.00 dutch time to arrang...     │
││ 471359328… │ c… │ ││ Billing            │ 실수로 연간 회원제로 했는데,      │
││            │    │ ││                    │ 월간으로 변경하고 싶습니다. i     │
││            │    │ ││                    │ accidentally signed up fo...      │
││ 471361096… │ c… │ ││ Billing            │ Pagamento Payment ––– Translated  │
││            │    │ ││                    │ by Lokalise Messages​ This ...     │
││ 471358795… │ c… │ ││ -                  │ Do you have mobile app for        │
││            │    │ ││                    │ android We don't currently offer  │
││            │    │ ││                    │ ...                               │
││ 471357756… │ c… │ ││ Unknown/Unresponsi │ Gamma                             │
││            │    │ ││ ve                 │ <invoice+statements+acct_1MS6sAE3 │
││            │    │ ││                    │ HBB5yrHt@stripe.com> ...          │
││ 471362424… │ c… │ ││ Unknown/Unresponsi │ Como faço para comprar creditos   │
││            │    │ ││ ve                 │ para usar os instrumentos do...   │
││ 471361963… │ c… │ ││ Unknown/Unresponsi │ Boa tarde! Good afternoon! –––    │
││            │    │ ││ ve                 │ Translated by Lokalise Messag...  │
││ 471362077… │ c… │ ││ Billing            │ BonjourJe ne suis pas très        │
││            │    │ ││                    │ contente : je suis abonné en      │
││            │    │ ││                    │ annu...                           │
││ 471361389… │ c… │ ││ Billing            │ gostaria de saber sobre o valor   │
││            │    │ ││                    │ cobrado, esse valor é cobrad...   │
││ 471355826… │ c… │ ││ Abuse              │ Hi Support For some reason, I'm   │
││            │    │ ││                    │ now unable to republish an u...   │
││ 471355618… │ c… │ ││ Abuse              │ כתוב לי היום בגמה שאין אפשרות     │
││            │    │ ││                    │ לשתף מדוע? Today I was told in... │
││ 471358527… │ c… │ ││ Unknown/Unresponsi │ Hello when I export the file it   │
││            │    │ ││ ve                 │ shows blank and I am not abl...   │
││ 471359567… │ c… │ ││ Billing            │ Good morning. On 10/19/2025, I    │
││            │    │ ││                    │ accidentally (technical error...  │
││ 471357785… │ c… │ ││ Billing            │ -- Elsa Martinez OlmedoSkype ID:  │
││            │    │ ││                    │ elsamolme Libre de virus.ww...    │
││ 471356443… │ c… │ ││ Bug                │ no me deja subir imagenes i can't │
││            │    │ ││                    │ upload images ––– Translat...     │
││ 471357947… │ c… │ ││ Abuse              │ unable to publish site If you're  │
││            │    │ ││                    │ unable to publish your site...    │
││ 471355636… │ c… │ ││ Abuse              │ GraciasRequiero de su valiosa     │
││            │    │ ││                    │ ayuda, lo que pasa es que teng... │
││ 471362009… │ c… │ ││ Billing            │ hi The conversation language      │
││            │    │ ││                    │ could not be detected. In         │
││            │    │ ││                    │ order...                          │
││ 471362463… │ c… │ ││ Billing            │ Hi just following up as it's now  │
││            │    │ ││                    │ been 10 days. Thanks! Jonat...    │
││ 471362085… │ c… │ ││ Billing            │ как можно написать в вашу службу  │
││            │    │ ││                    │ поддержки. Имеется ли почта...    │
││ 471361322… │ c… │ ││ Billing            │ I want to cancel my subscription  │
││            │    │ ││                    │ To manage your billing info...    │
││ 471357976… │ c… │ ││ Chargeback         │ altupgh i do nothave a membership │
││            │    │ ││                    │ a transaction has beenmade...     │
││ 471357421… │ c… │ ││ Billing            │ Hi, can I get the last three      │
││            │    │ ││                    │ invoices resent with the new      │
││            │    │ ││                    │ bi...                             │
││ 471357929… │ c… │ ││ Billing            │ Dear Gamma Support Team, I        │
││            │    │ ││                    │ recently subscribed to Gamma AI   │
││            │    │ ││                    │ i...                              │
││ 471360514… │ c… │ ││ Billing            │ Devo cambiare il nome per la      │
││            │    │ ││                    │ fatturazione I need to change     │
││            │    │ ││                    │ t...                              │
││ 471358570… │ c… │ ││ Billing            │ Hi, I accidentally purchased      │
││            │    │ ││                    │ annual subscription instead of    │
││            │    │ ││                    │ ...                               │
││ 471361655… │ c… │ ││ Bug                │ Hi there, I have two files that   │
││            │    │ ││                    │ I'm trying to download. The ...   │
││ 471357737… │ c… │ ││ Billing            │ Bonjour, jarrive pas a résilier   │
││            │    │ ││                    │ le contrat alors Que j’itius...   │
││ 471360628… │ c… │ ││ Billing            │ Hi, I need to cancel my           │
││            │    │ ││                    │ subcription To manage your        │
││            │    │ ││                    │ billing i...                      │
││ 471357626… │ c… │ ││ Product Question   │ ESTOY HARTA DE DAR LA INSTRUCCIÓN │
││            │    │ ││                    │ DE ELIMINAR LA MARCA DE AG...     │
││ 471360341… │ c… │ ││ Billing            │ 您好, 我按錯付款項目,             │
││            │    │ ││                    │ 請立即取消及退回款項 Hello, I     │
││            │    │ ││                    │ clicked the wrong payment i...    │
││ 471359977… │ c… │ ││ Billing            │ Dear Gamma Support Team, I hope   │
││            │    │ ││                    │ you’re doing well. I recentl...   │
││ 471356001… │ c… │ ││ Product Question   │ Al subir un documento con una     │
││            │    │ ││                    │ presentación, cómo lo hago par... │
││ 471356600… │ c… │ ││ Chargeback         │ Dear Gamma Support,I recently     │
││            │    │ ││                    │ noticed that $3.72 was charged... │
││ 471361677… │ c… │ ││ Billing            │ Hi,I tried contacting your        │
││            │    │ ││                    │ customer support for the          │
││            │    │ ││                    │ cancella...                       │
││ 471360399… │ c… │ ││ Billing            │ Good afternoon Could you please   │
││            │    │ ││                    │ confirm what is the end of m...   │
││ 471359661… │ c… │ ││ Billing            │ serve fattura per gli addebiti    │
││            │    │ ││                    │ mensili need invoice for mont...  │
││ 471361158… │ c… │ ││ Billing            │ Hi I want to cancel my            │
││            │    │ ││                    │ subscription and want to refund   │
││            │    │ ││                    │ my am...                          │
││ 471357804… │ c… │ ││ Billing            │ Quero que eliminem o meu cartão   │
││            │    │ ││                    │ bancário. Removam qualquer i...   │
││ 471361829… │ c… │ ││ Billing            │ Good evening, How can I cancel my │
││            │    │ ││                    │ subscription ? To manage y...     │
││ 471357826… │ c… │ ││ Billing            │ Hello Hello! How can I assist you │
││            │    │ ││                    │ today? I am trying to rene...     │
││ 471358860… │ c… │ ││ Billing            │ 한달 결제로 바꾸고 싶은데 방법이  │
││            │    │ ││                    │ 있을까요? i want to switch to     │
││            │    │ ││                    │ monthly billing...                │
││ 471362822… │ c… │ ││ Account            │ Hi Why do I get a message "you´re │
││            │    │ ││                    │ all out of credits" "0 cre...     │
││ 471359048… │ c… │ ││ Billing            │ Hi I accidentally incurred for    │
││            │    │ ││                    │ annual subscription I want a ...  │
││ 471362474… │ c… │ ││ Billing            │ i want to refund my annual        │
││            │    │ ││                    │ subscription for the month to     │
││            │    │ ││                    │ com...                            │
││ 471355825… │ c… │ ││ -                  │ 我剛剛做完的PＰＴ在那裡找? Where  │
││            │    │ ││                    │ can I find the PPT I just         │
││            │    │ ││                    │ finished? –––...                  │
││ 471355575… │ c… │ ││ Billing            │ Olá Felipe, Nossa política de     │
││            │    │ ││                    │ reembolso permite reembolsos a... │
││ 471362686… │ c… │ ││ Billing            │ Bonsoir, Je me permets de vous    │
││            │    │ ││                    │ contacter concernant ma deman...  │
││ 471362627… │ c… │ ││ Billing            │ refund Here is Gamma's refund     │
││            │    │ ││                    │ policy​​Annual PlanWithin the ...   │
││ 471362276… │ c… │ ││ Billing            │ Hello Gamma Team,I’m reaching out │
││            │    │ ││                    │ regarding a purchase made ...     │
││ 471362169… │ c… │ ││ Billing            │ Olá Hello ––– Translated by       │
││            │    │ ││                    │ Lokalise Messages​ This            │
││            │    │ ││                    │ conversa...                       │
││ 471362196… │ c… │ ││ Billing            │ Solicito o estorno referente ao   │
││            │    │ ││                    │ pagamento anual do aplicativ...   │
││ 471362299… │ c… │ ││ Billing            │ hi, I have cancelled and deleted  │
││            │    │ ││                    │ my account. Can you please ...    │
││ 471358996… │ c… │ ││ Billing            │ Hi, I accedintally subscribed for │
││            │    │ ││                    │ a year and I wanted to do ...     │
││ 471359139… │ c… │ ││ Billing            │ When will i get my refund W dniu  │
││            │    │ ││                    │ niedz., 12 paź 2025 o 19:18...    │
││ 471361904… │ c… │ ││ Billing            │ i have the pro plan and would     │
││            │    │ ││                    │ like to try the ultra plan for... │
││ 471361282… │ c… │ ││ Billing            │ Salve!Con la seguente chiedo la   │
││            │    │ ││                    │ disattivazione del mio abbon...   │
││ 471362244… │ c… │ ││ Billing            │ Just got billed $180 and have     │
││            │    │ ││                    │ never used, same thing happene... │
││ 471362274… │ c… │ ││ Billing            │ This is to let you know I have    │
││            │    │ ││                    │ cancelled my subscription wit...  │
││ 471361344… │ c… │ ││ Billing            │ Versao paga nao funciona Paid     │
││            │    │ ││                    │ version not working ––– Transl... │
││ 471361591… │ c… │ ││ Billing            │ cancel subscription and refund To │
││            │    │ ││                    │ manage your billing info, ...     │
││ 471360653… │ c… │ ││ Product Question   │ Buen día Comparto los links del   │
││            │    │ ││                    │ gamma y nuestra página web: ...   │
││ 471361692… │ c… │ ││ Billing            │ eu quero reembolso, não utilizei  │
││            │    │ ││                    │ no ultimo mês e mesmo asso,...    │
││ 471361703… │ c… │ ││ Billing            │ How to get refund Here is Gamma's │
││            │    │ ││                    │ refund policy​​Annual Plan...       │
││ 471361802… │ c… │ ││ Abuse              │ Hi, On my gamma sites, it won’t   │
││            │    │ ││                    │ allow me to use this URL as ...   │
││ 471361822… │ c… │ ││ Billing            │ request for a refund Here is      │
││            │    │ ││                    │ Gamma's refund policy​​Annual P...  │
││ 471357288… │ c… │ ││ Billing            │ Cancelei o plano antes de         │
││            │    │ ││                    │ completar os 7 dias e ainda não   │
││            │    │ ││                    │ re...                             │
││ 471359191… │ c… │ ││ Billing            │ Здравствуйте, я оплачивала сервис │
││            │    │ ││                    │ месяц назад и моя карта ра...     │
││ 471360504… │ c… │ ││ Billing            │ quiero dar de baja la suscripcion │
││            │    │ ││                    │ como hago? i want to unsub...     │
││ 471360388… │ c… │ ││ Billing            │ iade talep ediyorum i demand a    │
││            │    │ ││                    │ refund ––– Translated by Loka...  │
││ 471360990… │ c… │ ││ Billing            │ 어제 자동결제가 되어서요 이제     │
││            │    │ ││                    │ 사용할 일 없어서 구독 취소했고    │
││            │    │ ││                    │ 환불 부탁드려요 i was auto-paid   │
││            │    │ ││                    │ ...                               │
││ 471360507… │ c… │ ││ Billing            │ Hello , I still didn't get a      │
││            │    │ ││                    │ refund Here is Gamma's refund     │
││            │    │ ││                    │ p...                              │
││ 471358860… │ c… │ ││ Bug                │ Hello! I am contacting to see if  │
││            │    │ ││                    │ the problem with the export...    │
││ 471360028… │ c… │ ││ Billing            │ I want to stop this purchase في   │
││            │    │ ││                    │ أحد، ١٩ أكتوبر، ٢٠٢٥ في ٦:١١...   │
││ 471360587… │ c… │ ││ Product Question   │ Здравствуйте! Скажите,            │
││            │    │ ││                    │ пожалуйста, почему у меня не      │
││            │    │ ││                    │ получает...                       │
││ 471359574… │ c… │ ││ Billing            │ Boa tardeNão renovei a            │
││            │    │ ││                    │ assinatura, logo eu quero o       │
││            │    │ ││                    │ cancelame...                      │
││ 471359281… │ c… │ ││ Billing            │ necesito un rembolso i need a     │
││            │    │ ││                    │ refund ––– Translated by Lokal... │
││ 471361522… │ c… │ ││ -                  │ подключил платный тариф "Плюс",   │
││            │    │ ││                    │ но у меня все равно закончил...   │
││ 471359586… │ c… │ ││ Billing            │ quiero cancelar mi suscripción y  │
││            │    │ ││                    │ solicitar una devolución de...    │
││ 471359396… │ c… │ ││ Billing            │ Ho pagato per errore il programma │
││            │    │ ││                    │ PLUS annuale; adesso ho sw...     │
││ 471359451… │ c… │ ││ Billing            │ Remboursement Refund –––          │
││            │    │ ││                    │ Translated by Lokalise Messages​   │
││            │    │ ││                    │ Th...                             │
││ 471359767… │ c… │ ││ Billing            │ i wish to cancel and get a full   │
││            │    │ ││                    │ refund Here is Gamma's refun...   │
││ 471358834… │ c… │ ││ Billing            │ 결제취소하고 싶습니다. i want to  │
││            │    │ ││                    │ cancel my payment. ––– Translated │
││            │    │ ││                    │ by ...                            │
││ 471358791… │ c… │ ││ Billing            │ Hello,I cancelled this            │
││            │    │ ││                    │ subscription two months ago and,  │
││            │    │ ││                    │ thus...                           │
││ 471358822… │ c… │ ││ Billing            │ Buenos dias, solicito devolucion  │
││            │    │ ││                    │ de un cobro que se hizo aut...    │
││ 471358506… │ c… │ ││ Billing            │ I canceled it subscriber. I want  │
││            │    │ ││                    │ to refund please because I'...    │
││ 471358314… │ c… │ ││ Billing            │ Bonjour,J’ai souscrit à           │
││            │    │ ││                    │ l’abonnement Gamma Plus annuel    │
││            │    │ ││                    │ aujou...                          │
││ 471358266… │ c… │ ││ Billing            │ Is there any promo code available │
││            │    │ ││                    │ for using Currently, we do...     │
││ 471357937… │ c… │ ││ Billing            │ refund subscription amount Here   │
││            │    │ ││                    │ is Gamma's refund policy​​An...     │
││ 471357902… │ c… │ ││ Billing            │ refund Here is Gamma's refund     │
││            │    │ ││                    │ policy​​Annual PlanWithin the ...   │
││ 471358100… │ c… │ ││ Billing            │ Hi Laura,My colleague Yu-Mei      │
││            │    │ ││                    │ recently reached out to you to    │
││            │    │ ││                    │ ...                               │
││ 471357727… │ c… │ ││ Billing            │ I want to cancel my subscription  │
││            │    │ ││                    │ and never subscribe again. ...    │
││ 471356895… │ c… │ ││ Billing            │ REEMBOLSO DE 20€ REIMBURSEMENT OF │
││            │    │ ││                    │ €20 ––– Translated by Loka...     │
││ 471357889… │ c… │ ││ Billing            │ 잘 누러서 annual plan를           │
││            │    │ ││                    │ 선택했는데 다시 취소할수이씁니까  │
││            │    │ ││                    │ i selected the annual p...        │
││ 471356180… │ c… │ ││ Billing            │ 您好:要取消訂購Gamma              │
││            │    │ ││                    │ 麻煩協助取消信用卡付費 謝謝       │
││            │    │ ││                    │ 王彗蓁 0987095179                 │
││            │    │ ││                    │ zhenlove52099@gm...               │
││ 471356213… │ c… │ ││ Partnerships       │ Gute Tag Ich möchte Gamma         │
││            │    │ ││                    │ eventuell abonnieren. Hierzu      │
││            │    │ ││                    │ benöt...                          │
││ 471357763… │ c… │ ││ Billing            │ az önce gamma plus satın aldım    │
││            │    │ ││                    │ ama tatmin olamadım geri iade...  │
││ 471356257… │ c… │ ││ Billing            │ 유료결제가 되었어 paid for –––    │
││            │    │ ││                    │ Translated by Lokalise Messages​   │
││            │    │ ││                    │ This...                           │
││ 471357627… │ c… │ ││ Billing            │ Hi. I don't get along with the    │
││            │    │ ││                    │ gamma ai. Can I get a refund?...  │
││ 471357570… │ c… │ ││ Billing            │ cancel paid To manage your        │
││            │    │ ││                    │ billing info, you can use the     │
││            │    │ ││                    │ Set...                            │
││ 471356282… │ c… │ ││ Billing            │ 한달만 구독하려 했는데 실수로     │
││            │    │ ││                    │ 96달러를 결제했습니다.환불하고    │
││            │    │ ││                    │ 다시 한달만 결제하고 싶어요 i was │
││            │    │ ││                    │ onl...                            │
││ 471356597… │ c… │ ││ Billing            │ Aún no me han devuelto los 20€    │
││            │    │ ││                    │ desde la subscriocion que se ...  │
││ 471356735… │ c… │ ││ Billing            │ Subject: Request for Refund of    │
││            │    │ ││                    │ Subscription Dear Gamma Suppo...  │
││ 471355930… │ c… │ ││ Billing            │ hello plz ur supportCredits       │
││            │    │ ││                    │ purchase failedPlease try again   │
││            │    │ ││                    │ ...                               │
││ 471356197… │ c… │ ││ Billing            │ Can I talk to a person? Would you │
││            │    │ ││                    │ like me to connect you wit...     │
││ 471356014… │ c… │ ││ Billing            │ 환불 해주신다는건가요? 2025년     │
││            │    │ ││                    │ 10월 19일 (일) 오후 2:57, Gamma   │
││            │    │ ││                    │ <invoice+state...                 │
││ 471356050… │ c… │ ││ Billing            │ Dear Gamma Support Team,I hope    │
││            │    │ ││                    │ this message finds you well.I...  │
││ 471355875… │ c… │ ││ Billing            │ 取消訂閱，申請退款 Cancel         │
││            │    │ ││                    │ subscription and request a refund │
││            │    │ ││                    │ ––– Trans...                      │
││ 471355858… │ c… │ ││ Billing            │ 월결재를 하려고 했는데 연결재가   │
││            │    │ ││                    │ 됐습니다. i tried to make a       │
││            │    │ ││                    │ monthly payment, b...             │
││ 471355804… │ c… │ ││ Billing            │ To whom it may concern,I hope     │
││            │    │ ││                    │ this message finds you well. M... │
││ 471355653… │ c… │ ││ Billing            │ I want refund Here is Gamma's     │
││            │    │ ││                    │ refund policy​​Annual PlanWith...   │
││ 471361482… │ c… │ ││ Billing            │ Hello! I meant to remove Harry    │
││            │    │ ││                    │ from my account (moving him t...  │
││ 471355550… │ c… │ ││ Billing            │ 환불을 신청하려면? how do I apply │
││            │    │ ││                    │ for a refund? ––– Translated by   │
││            │    │ ││                    │ Lo...                             │
││ 471355548… │ c… │ ││ Billing            │ A refund. Here is Gamma's refund  │
││            │    │ ││                    │ policy​​Annual PlanWithin t...      │
││ 471356527… │ c… │ ││ -                  │ hello, i need help exporting my   │
││            │    │ ││                    │ pdf. i want it. to looks aes...   │
││ 471355450… │ c… │ ││ Billing            │ Refund Here is Gamma's refund     │
││            │    │ ││                    │ policy​​Annual PlanWithin the ...   │
││ 471358966… │ c… │ ││ Billing            │ Hi there, Please put me in touch  │
││            │    │ ││                    │ with a human - I cannot get...    │
││ 471362496… │ c… │ ││ -                  │ لاارغب بالتجديد i don't want to   │
││            │    │ ││                    │ renew ––– Translated by Loka...   │
││ 471362466… │ c… │ ││ -                  │ Olá boa noite!!! Preciso cancelar │
││            │    │ ││                    │ a assinatura? Hello good e...     │
││ 471362243… │ c… │ ││ -                  │ Hi, I would like to cancel my     │
││            │    │ ││                    │ subscription to Gamma and stop... │
││ 471362799… │ c… │ ││ -                  │ donde puedo cancelar el servicio  │
││            │    │ ││                    │ where can I cancel the serv...    │
││ 471362802… │ c… │ ││ -                  │ how do I cancel or go onto a free │
││            │    │ ││                    │ plan To cancel your subscr...     │
││ 471362310… │ c… │ ││ -                  │ Hi all,This is to request the     │
││            │    │ ││                    │ refund of the £144 deducted fo... │
││ 471362780… │ c… │ ││ -                  │ quero cancelar a minha subscricao │
││            │    │ ││                    │ i want to cancel my subscr...     │
││ 471362773… │ c… │ ││ -                  │ 解約方法を教えて How do I cancel? │
││            │    │ ││                    │ ––– Translated by Lokalise        │
││            │    │ ││                    │ Message...                        │
││ 471362769… │ c… │ ││ -                  │ como puedo cancelar mi            │
││            │    │ ││                    │ suscripción how can i cancel my   │
││            │    │ ││                    │ subsc...                          │
││ 471362266… │ c… │ ││ -                  │ To whom it may concern, I would   │
││            │    │ ││                    │ like to cancel my subscripti...   │
││ 471362675… │ c… │ ││ Bug                │ buenas tardes good afternoon –––  │
││            │    │ ││                    │ Translated by Lokalise Mess...    │
││ 471362730… │ c… │ ││ -                  │ Boa noite. tenho como anexar um   │
││            │    │ ││                    │ arquivo e solicitar novo lay...   │
││ 471362707… │ c… │ ││ -                  │ como usar how to use –––          │
││            │    │ ││                    │ Translated by Lokalise Messages​   │
││            │    │ ││                    │ Th...                             │
││ 471362712… │ c… │ ││ -                  │ Estoy intentando hacer el pago de │
││            │    │ ││                    │ gamma y no puedo I am tryi...     │
││ 471362704… │ c… │ ││ -                  │ i just upgraded to Gamma Pro. Can │
││            │    │ ││                    │ I get my billing receipt Y...     │
││ 471362685… │ c… │ ││ -                  │ Kako da dodam payment metod na    │
││            │    │ ││                    │ sajtu, koji sam upravo naprav...  │
││ 471362674… │ c… │ ││ -                  │ Queria saber se eu consigo deixar │
││            │    │ ││                    │ o conteúdo em texto do sli...     │
││ 471362682… │ c… │ ││ -                  │ Привет! Подскажи, а сколько в     │
││            │    │ ││                    │ презентаций я могу создать с п... │
││ 471362179… │ c… │ ││ -                  │ SeñoresGAMMA Soporte. Solicito    │
││            │    │ ││                    │ que no me cobren para el mes ...  │
││ 471362660… │ c… │ ││ -                  │ quelles questions éthiques        │
││            │    │ ││                    │ pourrions nous posez sur          │
││            │    │ ││                    │ l'affair...                       │
││ 471362654… │ c… │ ││ -                  │ Preciso atualizar meu método de   │
││            │    │ ││                    │ pagamento I need to update m...   │
││ 471362139… │ c… │ ││ -                  │ Favor cancelar a assinatura       │
││            │    │ ││                    │ Please unsubscribe –––            │
││            │    │ ││                    │ Translate...                      │
││ 471362684… │ c… │ ││ -                  │ Join us for a Spooktacular Family │
││            │    │ ││                    │ Fun Day in the Wine & Beer...     │
││ 471362620… │ c… │ ││ -                  │ Necesito que me rehagan las dos   │
││            │    │ ││                    │ facturas que tengo incluyend...   │
││ 471362584… │ c… │ ││ -                  │ Como salva o slide? How do I save │
││            │    │ ││                    │ the slide? ––– Translated ...     │
││ 471362106… │ c… │ ││ -                  │ Hi all,Kindly unsubscribe me as I │
││            │    │ ││                    │ have unsubscribed myself a...     │
││ 471362569… │ c… │ ││ -                  │ Gostaria de saber se consigo      │
││            │    │ ││                    │ parcelar o pagamento anual no     │
││            │    │ ││                    │ c...                              │
││ 471362562… │ c… │ ││ -                  │ why is the0content getting        │
││            │    │ ││                    │ chopped off ? i wanted 15 page    │
││            │    │ ││                    │ de...                             │
││ 471362561… │ c… │ ││ -                  │ as palavras e frases estão se     │
││            │    │ ││                    │ repetindo dentro da apresentaç... │
││ 471362560… │ c… │ ││ -                  │ Fiz um gama mas a visualização    │
││            │    │ ││                    │ não pode ser compartilhada I ...  │
││ 471362537… │ c… │ ││ -                  │ I created an presentation on a    │
││            │    │ ││                    │ free version. How can i save ...  │
││ 471362495… │ c… │ ││ -                  │ Здравствуйте!Моя презентация      │
││            │    │ ││                    │ случайно перевелась в формат      │
││            │    │ ││                    │ «с...                             │
││ 471362507… │ c… │ ││ -                  │ Ho provato a scaricare l’app per  │
││            │    │ ││                    │ il telefono, ma mi chiede d...    │
││ 471361980… │ c… │ ││ -                  │ Re: Добрый день. Прошу отменить   │
││            │    │ ││                    │ подписку и вернуть сумму 30 ...   │
││ 471362451… │ c… │ ││ -                  │ Hi I would like to see the        │
││            │    │ ││                    │ presentation and speaker notes    │
││            │    │ ││                    │ on...                             │
││ 471362229… │ c… │ ││ -                  │ Se agregó una nueva pagina al     │
││            │    │ ││                    │ ebook y quiero el mismo diseño... │
││ 471362422… │ c… │ ││ -                  │ Hello, a domain from another user │
││            │    │ ││                    │ (“sarah-mitchell-portfolio...     │
││ 471361855… │ c… │ ││ -                  │ Please kindly cancel my           │
││            │    │ ││                    │ subscription thanks To manage     │
││            │    │ ││                    │ your b...                         │
││ 471360575… │ c… │ ││ Promotions         │ Hi I want to buy gamma app pro    │
││            │    │ ││                    │ plan. I am a student from poo...  │
││ 471361835… │ c… │ ││ -                  │ Dear Gamma Team, I hope this      │
││            │    │ ││                    │ message finds you well. I         │
││            │    │ ││                    │ would...                          │
││ 471362441… │ c… │ ││ -                  │ Email Adresse ändern Change email │
││            │    │ ││                    │ address ––– Translated by ...     │
││ 471361907… │ c… │ ││ -                  │ est ce qu'on peut avoir un        │
││            │    │ ││                    │ synchro des prix en pms           │
││            │    │ ││                    │ misterboo...                      │
││ 471362433… │ c… │ ││ -                  │ Hello,You just contacted me by    │
││            │    │ ││                    │ email for the first time. My ...  │
││ 471362171… │ c… │ ││ -                  │ Qual passo a passo pra alterar a  │
││            │    │ ││                    │ imagem de fundo do cartão a...    │
││ 471362284… │ c… │ ││ -                  │ como montar apresentação com base │
││            │    │ ││                    │ em uma lista how to put to...     │
││ 471362277… │ c… │ ││ -                  │ why I can not upload file? is it  │
││            │    │ ││                    │ due to I have no credits? F...    │
││ 471362236… │ c… │ ││ -                  │ как сохранить how to keep –––     │
││            │    │ ││                    │ Translated by Lokalise Message... │
││ 471362208… │ c… │ ││ -                  │ почему не могу прикрепить домен к │
││            │    │ ││                    │ сайту? why can't I attach ...     │
││ 471362197… │ c… │ ││ -                  │ como posso voltar atrás ? how can │
││            │    │ ││                    │ I go back? ––– Translated ...     │
││ 471361566… │ c… │ ││ -                  │ Hello Gamma Support, I have an    │
││            │    │ ││                    │ active paid subscription, but...  │
││ 471361561… │ c… │ ││ -                  │ I appreciate your assistance.     │
││            │    │ ││                    │ Kindly cancel my subscription ... │
││ 471362163… │ c… │ ││ -                  │ мне нужен презентация на          │
││            │    │ ││                    │ англиском языке i need a          │
││            │    │ ││                    │ presentati...                     │
││ 471361528… │ c… │ ││ -                  │ Ello,I would like to cancel my    │
││            │    │ ││                    │ subscription and monthly paym...  │
││ 471362147… │ c… │ ││ -                  │ ماهو عملك what do you do –––      │
││            │    │ ││                    │ Translated by Lokalise            │
││            │    │ ││                    │ Messages...                       │
││ 471362123… │ c… │ ││ -                  │ как скачать созданную презентацию │
││            │    │ ││                    │ how to download a created ...     │
││ 471362013… │ c… │ ││ -                  │ ميفية مشاركة الرابط how to share  │
││            │    │ ││                    │ the link ––– Translated by ...    │
││ 471361940… │ c… │ ││ -                  │ プレゼンテーションを編集していた  │
││            │    │ ││                    │ ら、勝手にプロンプトエディターに  │
││            │    │ ││                    │ 戻ってしまい、編集中のプレゼンテ  │
││            │    │ ││                    │ ーションが消えてしまいま...       │
││ 471362093… │ c… │ ││ -                  │ Comment faire retour How to       │
││            │    │ ││                    │ return ––– Translated by          │
││            │    │ ││                    │ Lokalis...                        │
││ 471362088… │ c… │ ││ -                  │ ТЕКСТ НА АЗЕРБАЙДЖАНСКОМ,         │
││            │    │ ││                    │ ГЕНЕРИРУЕТ НА РУССКОМ. КАК БЫТЬ   │
││            │    │ ││                    │ TE...                             │
││ 471362137… │ c… │ ││ -                  │ Tell Us What Interests You.       │
││            │    │ ││                    │ Dining, events, hotel offers,     │
││            │    │ ││                    │ we...                             │
││ 471362063… │ c… │ ││ -                  │ 1000 de créditos mês, quantos     │
││            │    │ ││                    │ slides consigo fazer por mês n... │
││ 471358687… │ c… │ ││ Bug                │ Buenas tardes estoy intentando    │
││            │    │ ││                    │ publicar esta web con mi domi...  │
││ 471362011… │ c… │ ││ -                  │ How can i change the my user name │
││            │    │ ││                    │ email or log in email? Nor...     │
││ 471361787… │ c… │ ││ -                  │ שגיאה בפרסום האתרהפרסום אינו      │
││            │    │ ││                    │ מופעל עבור דף זה. נא ליצור קשר    │
││            │    │ ││                    │ ...                               │
││ 471361933… │ c… │ ││ -                  │ Медленно работает сайт, не        │
││            │    │ ││                    │ получается редактировать          │
││            │    │ ││                    │ презента...                       │
││ 471362009… │ c… │ ││ -                  │ El plan anual se factura en un    │
││            │    │ ││                    │ solo pago o mes a mes? Is the...  │
││ 471361921… │ c… │ ││ -                  │ could you help me with that? The  │
││            │    │ ││                    │ issue is that you're using ...    │
││ 471361970… │ c… │ ││ -                  │ КАК создать презентацию? HOW to   │
││            │    │ ││                    │ create a presentation? ––– T...   │
││ 471361183… │ c… │ ││ -                  │ Dear Team, I had taken the        │
││            │    │ ││                    │ monthly plan, and I do not want   │
││            │    │ ││                    │ t...                              │
││ 471361891… │ c… │ ││ -                  │ Отменить подписку до 7 дней       │
││            │    │ ││                    │ Unsubscribe for up to 7 days      │
││            │    │ ││                    │ –––...                            │
││ 471361819… │ c… │ ││ -                  │ про аккаунт хочу пробу на 7 дней  │
││            │    │ ││                    │ about the account, I want t...    │
││ 471361625… │ c… │ ││ -                  │ De los Sitios Web que tengo en    │
││            │    │ ││                    │ esta pagina, puedo compartir ...  │
││ 471361799… │ c… │ ││ -                  │ I have not seen any improvement   │
││            │    │ ││                    │ in the presentation The AI m...   │
││ 471361795… │ c… │ ││ -                  │ بدي نزل ملف تخريج i wanted to     │
││            │    │ ││                    │ download a graduation file –––... │
││ 471361810… │ c… │ ││ -                  │ request for a refund Here is      │
││            │    │ ││                    │ Gamma's refund policy​​Annual P...  │
││ 471359809… │ c… │ ││ Unknown/Unresponsi │ ‫أُرسلت من الـ iPhone‬ sent from     │
││            │    │ ││ ve                 │ iPhone ––– Translated by Lo...    │
││ 471361784… │ c… │ ││ -                  │ kann ich in meiner webseite       │
││            │    │ ││                    │ unterseiten mit                   │
││            │    │ ││                    │ detailinformatio...               │
││ 471361768… │ c… │ ││ Bug                │ Element not loading When elements │
││            │    │ ││                    │ aren't loading in Gamma, h...     │
││ 471361769… │ c… │ ││ -                  │ 교사. 재직증명서 teachers. tenure │
││            │    │ ││                    │ ––– Translated by Lokalise        │
││            │    │ ││                    │ Messag...                         │
││ 471361142… │ c… │ ││ -                  │ Sorry, because of my mistake, and │
││            │    │ ││                    │ I forgot to cancel the sub...     │
││ 471361106… │ c… │ ││ -                  │ Please why every month take 10    │
││            │    │ ││                    │ usd from my bankkk please ret...  │
││ 471361644… │ c… │ ││ -                  │ how can i earn more credits You   │
││            │    │ ││                    │ can earn more credits on Gam...   │
││ 471361600… │ c… │ ││ -                  │ Comment mettre un bouton qui      │
││            │    │ ││                    │ envoie un email How to add an     │
││            │    │ ││                    │ e...                              │
││ 471361588… │ c… │ ││ -                  │ Fiz um layout estilo infografico  │
││            │    │ ││                    │ mas quando peço pra exporta...    │
││ 471361587… │ c… │ ││ -                  │ Wo kann ich kündigen? Where can I │
││            │    │ ││                    │ cancel? ––– Translated by ...     │
││ 471360839… │ c… │ ││ -                  │ Please fix this issue. When I try │
││            │    │ ││                    │ to publish, the following ...     │
││ 471361579… │ c… │ ││ Product Question   │ Здравствуйте. Какой промпт        │
││            │    │ ││                    │ используется в художественном     │
││            │    │ ││                    │ сти...                            │
││ 471361610… │ c… │ ││ -                  │ is gamma studio still available?  │
││            │    │ ││                    │ Yes, Studio Mode is availab...    │
││ 471361098… │ c… │ ││ -                  │ Olá!! Hello!! ––– Translated by   │
││            │    │ ││                    │ Lokalise Messages​ This conv...    │
││ 471360815… │ c… │ ││ -                  │ Should I use access to Gamma      │
││            │    │ ││                    │ PLUS, recently payed, using       │
││            │    │ ││                    │ jus...                            │
││ 471361524… │ c… │ ││ -                  │ I upgraded to Gamma Pro but do    │
││            │    │ ││                    │ not see a larger set of templ...  │
││ 471361524… │ c… │ ││ -                  │ Добрий вечір, на моєму аккаунті   │
││            │    │ ││                    │ підписка Google AI Pro, але ...   │
││ 471361517… │ c… │ ││ -                  │ how do i cancel my subscription   │
││            │    │ ││                    │ or got back to free To manag...   │
││ 471361484… │ c… │ ││ -                  │ Como faço para cancelar uma       │
││            │    │ ││                    │ cobrança recorrente? How do I     │
││            │    │ ││                    │ ca...                             │
││ 471361481… │ c… │ ││ -                  │ je veux devenir affilié et mettre │
││            │    │ ││                    │ en avant gamma i want to b...     │
││ 471360749… │ c… │ ││ -                  │ trato de pagar, desde venezuela,  │
││            │    │ ││                    │ pero no reconoce el numero ...    │
││ 471361461… │ c… │ ││ -                  │ Quiero eliminar un método de pago │
││            │    │ ││                    │ I want to delete a payment...     │
││ 471361468… │ c… │ ││ -                  │ O plano mensal Pro, remove a      │
││            │    │ ││                    │ marca d'agua? The conversation    │
││            │    │ ││                    │ ...                               │
││ 471361445… │ c… │ ││ -                  │ wie kann ich hammas löschen how   │
││            │    │ ││                    │ can i delete hammas ––– Tran...   │
││ 471360427… │ c… │ ││ -                  │ Cómo instalo la app? How do I     │
││            │    │ ││                    │ install the app? ––– Translate... │
││ 471361412… │ c… │ ││ -                  │ ödevim için nasıl slayt           │
││            │    │ ││                    │ hazırlayabiliri how to prepare    │
││            │    │ ││                    │ slide...                          │
││ 471360633… │ c… │ ││ -                  │ Hi, I cant download my own        │
││            │    │ ││                    │ presenatation no PowerPoint. Why  │
││            │    │ ││                    │ ...                               │
││ 471361363… │ c… │ ││ -                  │ j'ai mis un site en ligne comment │
││            │    │ ││                    │ retirer i put a site onlin...     │
││ 471361312… │ c… │ ││ -                  │ hola buenos dias, como hago para  │
││            │    │ ││                    │ que se analice un informe e...    │
││ 471361281… │ c… │ ││ -                  │ I would like to change my passord │
││            │    │ ││                    │ due tosuspicious activity ...     │
││ 471361279… │ c… │ ││ -                  │ can I have chatGRP at pro level   │
││            │    │ ││                    │ feed ideas straight into Gam...   │
││ 471361272… │ c… │ ││ -                  │ tengo un problema h e hecho una   │
││            │    │ ││                    │ presntacion en la zona free ...   │
││ 471361277… │ c… │ ││ -                  │ how can I delete my pro           │
││            │    │ ││                    │ membership before the nex t       │
││            │    │ ││                    │ payment ...                       │
││ 471361271… │ c… │ ││ -                  │ change my email address Normally, │
││            │    │ ││                    │ if you're on a free plan a...     │
││ 471361208… │ c… │ ││ -                  │ Hi when I try to add a logo to a  │
││            │    │ ││                    │ card which is dark colour, ...    │
││ 471361334… │ c… │ ││ -                  │ Can Gammas be organized into      │
││            │    │ ││                    │ folders? Yes! Gammas can be       │
││            │    │ ││                    │ org...                            │
││ 471361249… │ c… │ ││ -                  │ dar de baja suscripcion           │
││            │    │ ││                    │ unsubscribe subscription –––      │
││            │    │ ││                    │ Transla...                        │
││ 471361247… │ c… │ ││ -                  │ „Ich habe im Slide ‘Exklusiver    │
││            │    │ ││                    │ Event der Wirtschaftsfrauen S...  │
││ 471361136… │ c… │ ││ -                  │ hi The conversation language      │
││            │    │ ││                    │ could not be detected. In         │
││            │    │ ││                    │ order...                          │
││ 471361186… │ c… │ ││ -                  │ como puedo agregar un widget      │
││            │    │ ││                    │ flotante para integrar mi         │
││            │    │ ││                    │ agent...                          │
││ 471361071… │ c… │ ││ -                  │ אני רוצה להעלות מצגת של pdf בדרך  │
││            │    │ ││                    │ הרגילה זה לא נותן וגשני לוח...    │
││ 471361076… │ c… │ ││ -                  │ how to connect my custom domain?  │
││            │    │ ││                    │ To connect your custom doma...    │
││ 471361156… │ c… │ ││ -                  │ NAO CONSEGUI FAZER A COMPRA I     │
││            │    │ ││                    │ COULDN'T MAKE THE PURCHASE –––... │
││ 471361121… │ c… │ ││ -                  │ Clear the chat The available      │
││            │    │ ││                    │ documentation covers Agent        │
││            │    │ ││                    │ (our...                           │
││ 471359680… │ c… │ ││ Account            │ ﻿ The conversation language could  │
││            │    │ ││                    │ not be detected. In order ...     │
││ 471358731… │ c… │ ││ -                  │ I need to change my account email │
││            │    │ ││                    │ address. If you're on a fr...     │
││ 471361075… │ c… │ ││ -                  │ es poden crear carpetes dins de   │
││            │    │ ││                    │ les carpetes? Can folders be...   │
││ 471361080… │ c… │ ││ -                  │ Hello Gamma Support Team, My name │
││            │    │ ││                    │ is Andisha Ebrahimi and I ...     │
││ 471360981… │ c… │ ││ -                  │ how we can manage polluted water  │
││            │    │ ││                    │ give some management issues...    │
││ 471361134… │ c… │ ││ -                  │ Why can't I pay with UPI? I had   │
││            │    │ ││                    │ been paying with UPI earlier...   │
││ 471360943… │ c… │ ││ -                  │ We can help you with your PDF!    │
││            │    │ ││                    │ Currently, Gamma doesn't supp...  │
││ 471360968… │ c… │ ││ -                  │ i want to immediately cancel my   │
││            │    │ ││                    │ subscription To manage your ...   │
││ 471360911… │ c… │ ││ -                  │ how do i add my brand kit? To add │
││            │    │ ││                    │ your brand kit in Gamma, y...     │
││ 471358664… │ c… │ ││ -                  │ HOLA YA ESTOY EN MI ZONA PLUS,    │
││            │    │ ││                    │ AHORA NO SE COMO PUEDO RECUPE...  │
││ 471360882… │ c… │ ││ -                  │ How to delte account Hi KRISH! We │
││            │    │ ││                    │ are sorry to hear that you...     │
││ 471360861… │ c… │ ││ -                  │ Como puedo dibujar sobre una      │
││            │    │ ││                    │ imagen How can I draw on an       │
││            │    │ ││                    │ ima...                            │
││ 471360858… │ c… │ ││ -                  │ Как после того как загрузил фаил  │
││            │    │ ││                    │ сделать презентацию How do ...    │
││ 471360831… │ c… │ ││ -                  │ У гаммы есть да лимить Gamma has  │
││            │    │ ││                    │ da limit ––– Translated by ...    │
││ 471360394… │ c… │ ││ -                  │ אני מנסה להעלות קובץ של PDF ולא   │
││            │    │ ││                    │ מצליחה I'm trying to upload ...   │
││ 471360638… │ c… │ ││ -                  │ Cómo obtengo un link para         │
││            │    │ ││                    │ compartir el acceso a la app? How │
││            │    │ ││                    │ ...                               │
││ 471360814… │ c… │ ││ -                  │ Здравствуйте. Мне нужны           │
││            │    │ ││                    │ дидактические карточки -задания   │
││            │    │ ││                    │ для ...                           │
││ 471360800… │ c… │ ││ -                  │ por que guado descargo una ppt en │
││            │    │ ││                    │ google slide los íconos da...     │
││ 471360773… │ c… │ ││ -                  │ QUERO FAZER UPGRAD COM PIX I WANT │
││            │    │ ││                    │ TO UPGRADE WITH PIX ––– Tr...     │
││ 471360618… │ c… │ ││ -                  │ como retirar o nome Gamma dos     │
││            │    │ ││                    │ slides? The conversation langu... │
││ 471360774… │ c… │ ││ -                  │ Как очистить чат? не дает         │
││            │    │ ││                    │ отредактировать карту, пишет, что │
││            │    │ ││                    │ ...                               │
││ 471360768… │ c… │ ││ -                  │ как поставить русский язык? а то  │
││            │    │ ││                    │ я нихуя не понимаю на англи...    │
││ 471360831… │ c… │ ││ -                  │ iphoneでも使えますか？ Does it    │
││            │    │ ││                    │ work with iphone? ––– Translated  │
││            │    │ ││                    │ by L...                           │
││ 471359695… │ c… │ ││ -                  │ Hi ,Please kindly cancel this     │
││            │    │ ││                    │ subscription for me, under ema... │
││ 471360752… │ c… │ ││ -                  │ while using presentation mode, my │
││            │    │ ││                    │ notes are showing on the s...     │
││ 471360750… │ c… │ ││ -                  │ CUANTOS CREDITOS TENGO HOW MANY   │
││            │    │ ││                    │ CREDITS DO I HAVE ––– Transl...   │
││ 471360794… │ c… │ ││ -                  │ ich möchte die Präsentation in    │
││            │    │ ││                    │ power Point exportieren i wou...  │
││ 471360734… │ c… │ ││ -                  │ اعمل بور بوينت عن اللغة العربية   │
││            │    │ ││                    │ Make a PowerPoint presentati...   │
││ 471360675… │ c… │ ││ -                  │ What does this mean? Publish up   │
││            │    │ ││                    │ to 10 custom domains "Publis...   │
││ 471359591… │ c… │ ││ -                  │ Bom dia, necessito que a fatura   │
││            │    │ ││                    │ seja emitida em nome da empr...   │
││ 471360757… │ c… │ ││ -                  │ Boa tarde, posso criar um novo    │
││            │    │ ││                    │ documento num dominio diferen...  │
││ 471360672… │ c… │ ││ -                  │ i have this AI_APICallError:      │
││            │    │ ││                    │ Invalid                           │
││            │    │ ││                    │ 'input[15].content[1].i...        │
││ 471360674… │ c… │ ││ -                  │ darme de baja unsubscribe –––     │
││            │    │ ││                    │ Translated by Lokalise Message... │
││ 471360672… │ c… │ ││ -                  │ como puedo compartir mi contenido │
││            │    │ ││                    │ con otras personas? how ca...     │
││ 471360664… │ c… │ ││ -                  │ hola hello ––– Translated by      │
││            │    │ ││                    │ Lokalise Messages​ This convers... │
││ 471360663… │ c… │ ││ -                  │ ako exportujem to co som vytvori  │
││            │    │ ││                    │ do pdf how to export what I...    │
││ 471360654… │ c… │ ││ -                  │ как сделать презентацию к докладу │
││            │    │ ││                    │ how to make a paper presen...     │
││ 471360607… │ c… │ ││ -                  │ Cómo puedo quitar la caja de      │
││            │    │ ││                    │ fotos para añadir foto i la       │
││            │    │ ││                    │ qui...                            │
││ 471359461… │ c… │ ││ -                  │ HE CANCELADO LA SUSCRIPCIÓN ANTES │
││            │    │ ││                    │ DEL 14 DE OCTUBRE ¿Por qué...     │
││ 471360637… │ c… │ ││ -                  │ Como hacer las imágenes mas       │
││            │    │ ││                    │ pequeñas How to make images       │
││            │    │ ││                    │ smal...                           │
││ 471360637… │ c… │ ││ -                  │ How do i create an ebook? To      │
││            │    │ ││                    │ create an ebook in Gamma,         │
││            │    │ ││                    │ start...                          │
││ 471360615… │ c… │ ││ -                  │ Как убрать водяной знак How to    │
││            │    │ ││                    │ remove the watermark ––– Tran...  │
││ 471360623… │ c… │ ││ -                  │ كيف يمكن الالغاء how to cancel    │
││            │    │ ││                    │ ––– Translated by Lokalise Me...  │
││ 471360621… │ c… │ ││ -                  │ 有可以调用的api吗 Is there an API │
││            │    │ ││                    │ that can be called? –––           │
││            │    │ ││                    │ Translate...                      │
││ 471360598… │ c… │ ││ -                  │ the pro plan stated that i can do │
││            │    │ ││                    │ up to 60 pages , i have a ...     │
││ 471360615… │ c… │ ││ -                  │ can i combine my craeted gammas   │
││            │    │ ││                    │ into one Yes! While we don't...   │
││ 471360603… │ c… │ ││ -                  │ 如何获取积分 How to earn points   │
││            │    │ ││                    │ ––– Translated by Lokalise        │
││            │    │ ││                    │ Message...                        │
││ 471360594… │ c… │ ││ -                  │ Eliminar mi n Remove my n –––     │
││            │    │ ││                    │ Translated by Lokalise Message... │
││ 471360599… │ c… │ ││ -                  │ se puede deshacer algo ? can      │
││            │    │ ││                    │ anything be undone ? –––          │
││            │    │ ││                    │ Transl...                         │
││ 471360587… │ c… │ ││ -                  │ اريد إنشاء بحث كامل وشامل i want  │
││            │    │ ││                    │ to create a complete and co...    │
││ 471360582… │ c… │ ││ -                  │ אם אני ספק שבנה אתר ללקוח על      │
││            │    │ ││                    │ חשבון גאמה של הלקוח ואני רוצה     │
││            │    │ ││                    │ ל...                              │
││ 471360644… │ c… │ ││ -                  │ I am trying out Gamma for the     │
││            │    │ ││                    │ first time. I do a lot of pres... │
││ 471360366… │ c… │ ││ -                  │ CUANTOS MODULOS PUEDO CREAR CON   │
││            │    │ ││                    │ MI PLAN ACTUAL DE GAMMA? HOW...   │
││ 471360520… │ c… │ ││ -                  │ Como faço para manter um PPt que  │
││            │    │ ││                    │ fiz quando era Free, e quer...    │
││ 471360503… │ c… │ ││ -                  │ חשבונית invoice ––– Translated by │
││            │    │ ││                    │ Lokalise Messages​ This co...      │
││ 471360550… │ c… │ ││ -                  │ how do i auto advance slides in   │
││            │    │ ││                    │ presentation mode? Our prese...   │
││ 471360423… │ c… │ ││ -                  │ I purchase Plus and it is not     │
││            │    │ ││                    │ giving me almost any pictures,... │
││ 471360481… │ c… │ ││ -                  │ اود بالدخول للصفحة الرئيسية كيف i │
││            │    │ ││                    │ would like to access the h...     │
││ 471360361… │ c… │ ││ -                  │ Olá o que isso quer disser ??É    │
││            │    │ ││                    │ esse valor mesmo eu não contr...  │
││ 471360466… │ c… │ ││ -                  │ no s carga el dominiio no s       │
││            │    │ ││                    │ charge the domain –––             │
││            │    │ ││                    │ Translated...                     │
││ 471360435… │ c… │ ││ -                  │ bonjour comment dois je procéder  │
││            │    │ ││                    │ pour résilier mon abonnemen...    │
││ 471359235… │ c… │ ││ -                  │ Bonjour, je reviens vers vous     │
││            │    │ ││                    │ rapidement pour vous répondre ... │
││ 471360382… │ c… │ ││ -                  │ boa tarde; good afternoon; –––    │
││            │    │ ││                    │ Translated by Lokalise Messag...  │
││ 471360416… │ c… │ ││ -                  │ הורדתי את המצגת לפאוור פויינט     │
││            │    │ ││                    │ למחשב האישי שלי. הורדתי את הגו... │
││ 471360419… │ c… │ ││ -                  │ معلم هستم میخواهم برای دانش       │
││            │    │ ││                    │ آموزانم پاورپوینت درست کنم بلد    │
││            │    │ ││                    │ ن...                              │
││ 471360373… │ c… │ ││ -                  │ I want to change the email        │
││            │    │ ││                    │ address associated with my        │
││            │    │ ││                    │ worksp...                         │
││ 471359664… │ c… │ ││ -                  │ how can i improve the output of   │
││            │    │ ││                    │ AI images? I have clearly st...   │
││ 471360375… │ c… │ ││ -                  │ chèn hình ảnh nền như thế nào??   │
││            │    │ ││                    │ how to insert background ima...   │
││ 471360395… │ c… │ ││ -                  │ я оплатила через карту и теперь   │
││            │    │ ││                    │ хочу отключить эту карту из ...   │
││ 471360353… │ c… │ ││ -                  │ I have followed your inscructions │
││            │    │ ││                    │ and I can't find where a c...     │
││ 471360094… │ c… │ ││ Bug                │ mensagem de erro na tela 1 error  │
││            │    │ ││                    │ message on screen 1 ––– Tra...    │
││ 471360352… │ c… │ ││ -                  │ Cuando lo descargo a PDF Y LO     │
││            │    │ ││                    │ SUBA A CANVA, ME DICE QUE HAY ... │
││ 471360348… │ c… │ ││ -                  │ how to export cards without gamma │
││            │    │ ││                    │ logo in this subscription ...     │
││ 471360311… │ c… │ ││ -                  │ Τι γίνεται σε περίπτωση που δεν   │
││            │    │ ││                    │ μπορέσω να ανανεώσω τη συνδρ...   │
││ 471360341… │ c… │ ││ -                  │ Can i add different domains name  │
││            │    │ ││                    │ for different presentations...    │
││ 471359441… │ c… │ ││ -                  │ חזרת על כך שמומלץ לעבוד עם תצוגת  │
││            │    │ ││                    │ מסך מלאאבל שמתי לב שתצוגת מ...    │
││ 471360307… │ c… │ ││ -                  │ Как сохранить презентацию? How do │
││            │    │ ││                    │ I save my presentation? ––...     │
││ 471360214… │ c… │ ││ -                  │ presentation sur comment utiliser │
││            │    │ ││                    │ le AI presentation on how ...     │
││ 471360196… │ c… │ ││ -                  │ COmo doy de baja mi suscripcion?  │
││            │    │ ││                    │ How do I unsubscribe? ––– T...    │
││ 471359098… │ c… │ ││ -                  │ Здравствуйте! Мой банк не         │
││            │    │ ││                    │ проводит оплату с карты в других  │
││            │    │ ││                    │ в...                              │
││ 471359526… │ c… │ ││ -                  │ Buenos dias, me gustaria saver    │
││            │    │ ││                    │ que cuesta el dominio para la...  │
││ 471359081… │ c… │ ││ -                  │ Hi I can’t use my Gamma account   │
││            │    │ ││                    │ even my email and password a...   │
││ 471359732… │ c… │ ││ -                  │ چگونه از ابتدا زبان را به انگلیسی │
││            │    │ ││                    │ تغییر بذیم؟ How to change ...     │
││ 471359774… │ c… │ ││ -                  │ Где посмотреть данные о подписке  │
││            │    │ ││                    │ Where to view subscription ...    │
││ 471359835… │ c… │ ││ -                  │ como puedo cancelar la            │
││            │    │ ││                    │ publicación de este sitio, y      │
││            │    │ ││                    │ volver a...                       │
││ 471359622… │ c… │ ││ -                  │ Como faço o download da minha     │
││            │    │ ││                    │ apresentação? How do I downloa... │
││ 471358900… │ c… │ ││ -                  │ Dear gamma, I want to cancle my   │
││            │    │ ││                    │ subscription. Kindly cancle ...   │
││ 471359616… │ c… │ ││ -                  │ 구독 취소 어떻게 해 how do I      │
││            │    │ ││                    │ unsubscribe? ––– Translated by    │
││            │    │ ││                    │ Lokalise...                       │
││ 471359613… │ c… │ ││ -                  │ How speak with chat ai To chat    │
││            │    │ ││                    │ with our AI (called Agent), o...  │
││ 471359763… │ c… │ ││ -                  │ can I create a valid and working  │
││            │    │ ││                    │ website/webpage here in Gam...    │
││ 471359447… │ c… │ ││ -                  │ posso pagar com pix i can pay     │
││            │    │ ││                    │ with pix ––– Translated by Lok... │
││ 471358814… │ c… │ ││ -                  │ Hello, please cancel my           │
││            │    │ ││                    │ subscription. I haven’t used your │
││            │    │ ││                    │ se...                             │
││ 471359524… │ c… │ ││ -                  │ How can i get my pdf without      │
││            │    │ ││                    │ "made with gamma" on it The       │
││            │    │ ││                    │ "Ma...                            │
││ 471359413… │ c… │ ││ -                  │ Die 'Zusätzlichen Anweisungen',   │
││            │    │ ││                    │ die ich von dir erhalten hab...   │
││ 471358793… │ c… │ ││ -                  │ ﻿Hello,I cancelled this            │
││            │    │ ││                    │ subscription two months ago and,  │
││            │    │ ││                    │ thu...                            │
││ 471359496… │ c… │ ││ -                  │ cancel subscription To manage     │
││            │    │ ││                    │ your billing info, you can use... │
││ 471359462… │ c… │ ││ -                  │ M'agradaria demanar que el catalá │
││            │    │ ││                    │ s'inclogui dins dels idiom...     │
││ 471359451… │ c… │ ││ -                  │ How to add a footer in all cards? │
││            │    │ ││                    │ Headers and footers are av...     │
││ 471358771… │ c… │ ││ -                  │ Boa tardeFiz a assinatura abaixo  │
││            │    │ ││                    │ indevidamente Por favor pod...    │
││ 471359454… │ c… │ ││ -                  │ comment se desabonner how to      │
││            │    │ ││                    │ unsubscribe ––– Translated by     │
││            │    │ ││                    │ L...                              │
││ 471359447… │ c… │ ││ -                  │ TÜRKÇEYE ÇEVİRMEK İSTİYORUM I     │
││            │    │ ││                    │ WANT TO TRANSLATE IT TO TURKIS... │
││ 471359435… │ c… │ ││ -                  │ Здравствуйте, а можно как то      │
││            │    │ ││                    │ убрать логотип что презентация    │
││            │    │ ││                    │ ...                               │
││ 471359359… │ c… │ ││ -                  │ Proszę napisać wszystkie          │
││            │    │ ││                    │ możliwość, które mi daje          │
││            │    │ ││                    │ subskrybcj...                     │
││ 471359411… │ c… │ ││ -                  │ Hallo, ich wohne in Deutschland   │
││            │    │ ││                    │ und dazu müssen wir bei Webs...   │
││ 471359381… │ c… │ ││ -                  │ Estou tendo problemas...o sistema │
││            │    │ ││                    │ está muito lento e a todo ...     │
││ 471359300… │ c… │ ││ -                  │ chce anulowac subskycje na rok    │
││            │    │ ││                    │ wants to cancel subscriptions...  │
││ 471359353… │ c… │ ││ -                  │ Xin chào, bạn có thể nói tiếng    │
││            │    │ ││                    │ Việt à? Hello, can you speak ...  │
││ 471359349… │ c… │ ││ -                  │ türkçe diline çeviri oluyor mu i  │
││            │    │ ││                    │ is there a translation into...    │
││ 471359333… │ c… │ ││ -                  │ can I get an affiliate link?      │
││            │    │ ││                    │ There are two types of links      │
││            │    │ ││                    │ yo...                             │
││ 471359331… │ c… │ ││ -                  │ 어제 월간결제를 하려고 결제를     │
││            │    │ ││                    │ 클릭했는데, 연간결재가 되어있는걸 │
││            │    │ ││                    │ 오늘 알았어요.... 연간 결제를     │
││            │    │ ││                    │ 취소해주세...                     │
││ 471359311… │ c… │ ││ -                  │ Como cancelar minha assinatura?   │
││            │    │ ││                    │ How do I cancel my subscript...   │
││ 471359299… │ c… │ ││ -                  │ Где взять свою ссылку для         │
││            │    │ ││                    │ направления новым участникам?     │
││            │    │ ││                    │ Wher...                           │
││ 471359294… │ c… │ ││ -                  │ como cancelar la suscripcion how  │
││            │    │ ││                    │ to unsubscribe ––– Translat...    │
││ 471359294… │ c… │ ││ -                  │ 안녕하세요, 감마에서 ppt를        │
││            │    │ ││                    │ 만들었는데 다운로드 했더니 해당   │
││            │    │ ││                    │ 글꼴이 아니더라고요. 해결 방법    │
││            │    │ ││                    │ 있을까요 hi...                    │
││ 471359258… │ c… │ ││ -                  │ Где находится реферальная ссылка  │
││            │    │ ││                    │ для того, чтобы пригласить ...    │
││ 471359255… │ c… │ ││ -                  │ Comment arrêter mon achat mensuel │
││            │    │ ││                    │ ? How do I stop my monthly...     │
││ 471359226… │ c… │ ││ -                  │ planes de gamma The conversation  │
││            │    │ ││                    │ language could not be detec...    │
││ 471359226… │ c… │ ││ -                  │ היכן לרשום פרומפט Where to        │
││            │    │ ││                    │ register a prompt ––– Translated  │
││            │    │ ││                    │ ...                               │
││ 471358675… │ c… │ ││ -                  │ 網站可以COPY成為繁/英語言嗎? Can  │
││            │    │ ││                    │ I copy the website into           │
││            │    │ ││                    │ Traditional Ch...                 │
││ 471358341… │ c… │ ││ -                  │ 請幫我取銷訂閱 Please cancel my   │
││            │    │ ││                    │ subscription ––– Translated by    │
││            │    │ ││                    │ Loka...                           │
││ 471359190… │ c… │ ││ -                  │ Can I export a Gamma to a         │
││            │    │ ││                    │ PowerPoint presentation? Yes! You │
││            │    │ ││                    │ ...                               │
││ 471359134… │ c… │ ││ Bug                │ Thanks for uploading your PDF!    │
││            │    │ ││                    │ Here's how you can work with ...  │
││ 471359181… │ c… │ ││ -                  │ cancel To manage your billing     │
││            │    │ ││                    │ info, you can use the Settings... │
││ 471359219… │ c… │ ││ -                  │                                   │
││ 471358408… │ c… │ ││ -                  │ Refund for list subscriber I      │
││            │    │ ││                    │ understand you're looking for     │
││            │    │ ││                    │ a...                              │
││ 471358259… │ c… │ ││ -                  │ Dear Sir or Madam,I want to       │
││            │    │ ││                    │ resiliate my agreement with       │
││            │    │ ││                    │ Gamm...                           │
││ 471359065… │ c… │ ││ -                  │ Si agrego a uno de miembro que    │
││            │    │ ││                    │ tiene correo de gamma lo pued...  │
││ 471359077… │ c… │ ││ -                  │ Comment télécharger la            │
││            │    │ ││                    │ présentation How to download the  │
││            │    │ ││                    │ pres...                           │
││ 471359075… │ c… │ ││ -                  │ 🦷 Prezentācija: “Zobi – mūsu     │
││            │    │ ││                    │ draugi!”1. slaids – Kas ir        │
││            │    │ ││                    │ zobi...                           │
││ 471359065… │ c… │ ││ -                  │ 显示提问信息以满，如何清除信息？  │
││            │    │ ││                    │ The question message is full. How │
││            │    │ ││                    │ to clear ...                      │
││ 471359048… │ c… │ ││ -                  │ i want to see others ppt public   │
││            │    │ ││                    │ ppts Currently, there isn't ...   │
││ 471359008… │ c… │ ││ -                  │ Bonjour je veux annuler mon       │
││            │    │ ││                    │ abonnement Hello I want to        │
││            │    │ ││                    │ cance...                          │
││ 471359003… │ c… │ ││ -                  │ Preciso cancelar esta ferramenta  │
││            │    │ ││                    │ I need to cancel this tool ...    │
││ 471359048… │ c… │ ││ -                  │ Hello,I want to cancel my         │
││            │    │ ││                    │ subscription but the bouton does  │
││            │    │ ││                    │ n...                              │
││ 471358737… │ c… │ ││ -                  │ Cual es la politica exacta en     │
││            │    │ ││                    │ caso de quedarse sin creditos ... │
││ 471358848… │ c… │ ││ -                  │ Every time I attempt to generate  │
││            │    │ ││                    │ something, Gamma gets stuck...    │
││ 471358840… │ c… │ ││ -                  │ Hi there, i want to subscribe to  │
││            │    │ ││                    │ gamma pro annual do you hav...    │
││ 471358810… │ c… │ ││ -                  │ HOLA HELLO ––– Translated by      │
││            │    │ ││                    │ Lokalise Messages​ This convers... │
││ 471358736… │ c… │ ││ -                  │ ich benötige auf meiner Rechnung  │
││            │    │ ││                    │ eine Firmen-Rechnungsadress...    │
││ 471358792… │ c… │ ││ -                  │ 有料プランを解約したい I want to  │
││            │    │ ││                    │ cancel my paid plan. –––          │
││            │    │ ││                    │ Translated by...                  │
││ 471358710… │ c… │ ││ -                  │ Хочу отключить подписку I want to │
││            │    │ ││                    │ cancel my subscription –––...     │
││ 471358744… │ c… │ ││ -                  │ I have had so many issues with    │
││            │    │ ││                    │ slides reverting back to prev...  │
││ 471358689… │ c… │ ││ -                  │ My chat is full s I can not       │
││            │    │ ││                    │ revise 3 cards. What are my       │
││            │    │ ││                    │ opti...                           │
││ 471357928… │ c… │ ││ -                  │ Hi, I want to let you know that   │
││            │    │ ││                    │ after my refund, my bank cha...   │
││ 471358690… │ c… │ ││ -                  │ 감마태그 없애는 방법 how to       │
││            │    │ ││                    │ remove gametagging ––– Translated │
││            │    │ ││                    │ by Loka...                        │
││ 471358687… │ c… │ ││ -                  │ Vous pouvez résilier mon contrat  │
││            │    │ ││                    │ svp Please cancel my contra...    │
││ 471358681… │ c… │ ││ -                  │ 파일저장위치 변경 change the file │
││            │    │ ││                    │ storage location ––– Translated   │
││            │    │ ││                    │ by...                             │
││ 471358725… │ c… │ ││ Product Question   │ Wie kann ich Bilder in meine      │
││            │    │ ││                    │ Karte Einfügen ohne dass es       │
││            │    │ ││                    │ das...                            │
││ 471357914… │ c… │ ││ -                  │ MUDHOO Fatimah Rinaaz- Ghaziyah19 │
││            │    │ ││                    │ Ruchpaul Street, Port Loui...     │
││ 471358641… │ c… │ ││ -                  │ 怎么创建属于自己的模板 How to     │
││            │    │ ││                    │ create your own template –––      │
││            │    │ ││                    │ Translated b...                   │
││ 471358626… │ c… │ ││ Product Question   │ ich möchte einen Cookiebanner     │
││            │    │ ││                    │ über ein script einbinden i wo... │
││ 471358343… │ c… │ ││ -                  │ me gustaria saber porque me       │
││            │    │ ││                    │ aparec la marca gammma en las     │
││            │    │ ││                    │ pr...                             │
││ 471358555… │ c… │ ││ -                  │ How much credit we get in plus    │
││            │    │ ││                    │ plan The Plus Plan includes 1...  │
││ 471358508… │ c… │ ││ -                  │ como compartilhar esta            │
││            │    │ ││                    │ apresentação com um link? how to  │
││            │    │ ││                    │ shar...                           │
││ 471358474… │ c… │ ││ -                  │ який зараз у мене тарифний план і │
││            │    │ ││                    │ чому не можу зробити аніма...     │
││ 471358425… │ c… │ ││ -                  │ 解約したい。解約する場所と、残り  │
││            │    │ ││                    │ の期間の扱いを教えて I want to    │
││            │    │ ││                    │ cancel my subscription....        │
││ 471358526… │ c… │ ││ -                  │ dis moi dans ta version pro       │
││            │    │ ││                    │ j'aimerais savoir combien de      │
││            │    │ ││                    │ boi...                            │
││ 471358392… │ c… │ ││ -                  │ прошу повернути попередній тариф  │
││            │    │ ││                    │ і вернути мені залишок на р...    │
││ 471358300… │ c… │ ││ -                  │ comment créer une affiche avec    │
││            │    │ ││                    │ nos propres images et calques...  │
││ 471358220… │ c… │ ││ -                  │ Se eu fizer o site, depois        │
││            │    │ ││                    │ cancelando a subscrição, o site   │
││            │    │ ││                    │ c...                              │
││ 471358223… │ c… │ ││ -                  │ how to search the template in     │
││            │    │ ││                    │ this To search for templates i... │
││ 471357718… │ c… │ ││ -                  │ en edotor de instruciones en      │
││            │    │ ││                    │ instrucciones opcional que        │
││            │    │ ││                    │ pued...                           │
││ 471358276… │ c… │ ││ -                  │ Como desfazer uma ação errada?    │
││            │    │ ││                    │ How do I undo a wrong action?...  │
││ 471357632… │ c… │ ││ -                  │ Dear all;Thank you so much for    │
││            │    │ ││                    │ this very nice software. It i...  │
││ 471358191… │ c… │ ││ -                  │ Как сохранить / скопировать       │
││            │    │ ││                    │ полученную презентацию? How do    │
││            │    │ ││                    │ I...                              │
││ 471358177… │ c… │ ││ -                  │ i want this website created You   │
││            │    │ ││                    │ can create a website in Gamm...   │
││ 471358137… │ c… │ ││ -                  │ Necessito que seja emitido uma    │
││            │    │ ││                    │ fatura em nome da empresa I n...  │
││ 471358177… │ c… │ ││ -                  │ איך אני יכול להוריד שקף במצגת How │
││            │    │ ││                    │ can I download a slide in ...     │
││ 471358158… │ c… │ ││ -                  │ donner un recherich tres facile   │
││            │    │ ││                    │ et résumé sur framwork scrum...   │
││ 471358146… │ c… │ ││ -                  │ ฉันต้องการสร้าง power point I want   │
││            │    │ ││                    │ to create a power point. ...      │
││ 471358104… │ c… │ ││ -                  │ Ich habe nun in den "Zusätzlichen │
││            │    │ ││                    │ Anweisungen" folgendes ein...     │
││ 471358067… │ c… │ ││ -                  │ j'utilise beaucoup de crödit car  │
││            │    │ ││                    │ je n'obtiens pas se que je ...    │
││ 471358059… │ c… │ ││ -                  │ Comment croper une image ? How do │
││            │    │ ││                    │ I crop an image? ––– Trans...     │
││ 471358052… │ c… │ ││ -                  │ upload does not work anymore.     │
││            │    │ ││                    │ that is really not good. I und... │
││ 471358046… │ c… │ ││ -                  │ Do you offer affiliate program    │
││            │    │ ││                    │ for content creators that wan...  │
││ 471358007… │ c… │ ││ -                  │ 내가 만든 PPT의 디자인만 바꿔줄   │
││            │    │ ││                    │ 수도 있어? 예를 들어 도표,        │
││            │    │ ││                    │ 벤다이어그램 같은거 말야. can you │
││            │    │ ││                    │ ...                               │
││ 471358023… │ c… │ ││ -                  │ 紹介はどこですか？ Where is the   │
││            │    │ ││                    │ referral? ––– Translated by       │
││            │    │ ││                    │ Lokalise ...                      │
││ 471357947… │ c… │ ││ -                  │ Posso unire tre presentazioni     │
││            │    │ ││                    │ creandone una unica? Can I mer... │
││ 471357941… │ c… │ ││ -                  │ Como eu faço para salvar um       │
││            │    │ ││                    │ trabalho How do I save a job      │
││            │    │ ││                    │ –––...                            │
││ 471357950… │ c… │ ││ -                  │ איך אני מעביר את השקף הזה למצגת   │
││            │    │ ││                    │ שעשיתי How do I transfer thi...   │
││ 471357889… │ c… │ ││ -                  │ Ich habe seit Tagen ein ernstes   │
││            │    │ ││                    │ Problem und kann eigentlich ...   │
││ 471357926… │ c… │ ││ -                  │ please cancel my pro subscription │
││            │    │ ││                    │ I just send. I can't do wh...     │
││ 471357919… │ c… │ ││ -                  │ NECESITO TRASFORMAR UNA           │
││            │    │ ││                    │ PRESENTACION PROPIA MANTENIENDO   │
││            │    │ ││                    │ MIS ...                           │
││ 471357945… │ c… │ ││ -                  │ I am thinking of reactivating my  │
││            │    │ ││                    │ plan but prices are showing...    │
││ 471357822… │ c… │ ││ -                  │ 25년 6월부터 1년간결제로 사용해서 │
││            │    │ ││                    │ 쓰다가 현재 월간구독으로 바꿨는데 │
││            │    │ ││                    │ 그렇게 되면 년간 결제된 부분은    │
││            │    │ ││                    │ 환불...                           │
││ 471357451… │ c… │ ││ Promotions         │ Dear Gamma Team, My name is       │
││            │    │ ││                    │ Rıdvan Cebeci, and I am a         │
││            │    │ ││                    │ studen...                         │
││ 471357880… │ c… │ ││ -                  │ Jak dodać do prezentacji własne   │
││            │    │ ││                    │ zdjęcia? How do I add my own...   │
││ 471357872… │ c… │ ││ -                  │ Comment importer un fichier text  │
││            │    │ ││                    │ word dans gamma? How do I i...    │
││ 471357404… │ c… │ ││ -                  │ dear all,my subscription stopped  │
││            │    │ ││                    │ because of problems in my c...    │
││ 471357858… │ c… │ ││ -                  │ pdfに To pdf. ––– Translated by   │
││            │    │ ││                    │ Lokalise Messages​ This conve...   │
││ 471357852… │ c… │ ││ -                  │ поменять язык change language ––– │
││            │    │ ││                    │ Translated by Lokalise Mes...     │
││ 471357849… │ c… │ ││ -                  │ היי אני צריך שתשלחו אלי את        │
││            │    │ ││                    │ החשבונית עסקה ששילמתי לכם Hi, I   │
││            │    │ ││                    │ n...                              │
││ 471357848… │ c… │ ││ -                  │ why the presentation is in        │
││            │    │ ││                    │ italian also if i write the text  │
││            │    │ ││                    │ ...                               │
││ 471357847… │ c… │ ││ -                  │ Como posso voltar a assinar ? How │
││            │    │ ││                    │ can I re-subscribe? ––– Tr...     │
││ 471357839… │ c… │ ││ -                  │ PUEDO MODIFICAAR UNA PRESENTACION │
││            │    │ ││                    │ NO HECHA EN GAMMA I CAN MO...     │
││ 471357837… │ c… │ ││ -                  │ Como poço exportar a minha        │
││            │    │ ││                    │ presentação pra o meu pdf How     │
││            │    │ ││                    │ can...                            │
││ 471357815… │ c… │ ││ -                  │ 如何下载Gamma应用                 │
││            │    │ ││                    │ 目前Gamma没有独立的iOS或Android移 │
││            │    │ ││                    │ 动应用，无法在App Store或Google   │
││            │    │ ││                    │ ...                               │
││ 471357794… │ c… │ ││ -                  │ 我要退訂,該如何退?                │
││            │    │ ││                    │ 要取消訂閱，請按照以下步驟操作：  │
││            │    │ ││                    │ 前往 Gamma 首頁                   │
││            │    │ ││                    │ 點擊左上角下拉選單中的「Settings. │
││            │    │ ││                    │ ..                                │
││ 471357834… │ c… │ ││ -                  │ 如何將Gammas合併在一起成一格Gamma │
││            │    │ ││                    │ How to merge Gammas together into │
││            │    │ ││                    │ one...                            │
││ 471357757… │ c… │ ││ -                  │ איך אני מעלה תמונה שלי מהחשב      │
││            │    │ ││                    │ ועורכת אותה בבינה מלכותית How     │
││            │    │ ││                    │ d...                              │
││ 471357753… │ c… │ ││ -                  │ how istart to prepare To start    │
││            │    │ ││                    │ preparing content in Gamma, y...  │
││ 471357741… │ c… │ ││ -                  │ 個人情報について Personal         │
││            │    │ ││                    │ Information ––– Translated by     │
││            │    │ ││                    │ Lokalise Mes...                   │
││ 471356951… │ c… │ ││ -                  │ Mi dispiace che abbiate fatto     │
││            │    │ ││                    │ questo addebito perché avevo s... │
││ 471357718… │ c… │ ││ -                  │ DIURANTE LA SCRITTURA MI SI SONO  │
││            │    │ ││                    │ CANCELLATE DELLE SCHEDE , P...    │
││ 471357680… │ c… │ ││ -                  │ cach luu file The conversation    │
││            │    │ ││                    │ language could not be detecte...  │
││ 471357656… │ c… │ ││ -                  │ jak połączyć moje konto z google  │
││            │    │ ││                    │ how to link my account with...    │
││ 471356855… │ c… │ ││ -                  │ Hello I've been looking for the   │
││            │    │ ││                    │ option 'no renewal' but I ca...   │
││ 471357669… │ c… │ ││ -                  │ comment changer la langue quand   │
││            │    │ ││                    │ c'est ecrit en chinois how t...   │
││ 471357663… │ c… │ ││ Billing            │ I think you have accidentally     │
││            │    │ ││                    │ charged me for annual subscrip... │
││ 471357655… │ c… │ ││ -                  │ как сохранить презентанию how to  │
││            │    │ ││                    │ save the presentation ––– T...    │
││ 471357600… │ c… │ ││ -                  │ 10월 결재 취소 부탁드립니다.      │
││            │    │ ││                    │ please cancel my October payment. │
││            │    │ ││                    │ ––– Tran...                       │
││ 471357614… │ c… │ ││ -                  │ Hi. I would like to cancel my     │
││            │    │ ││                    │ subscription. To manage your b... │
││ 471357610… │ c… │ ││ -                  │ can i create a custom shareable   │
││            │    │ ││                    │ url for my gamma Yes! You ca...   │
││ 471357609… │ c… │ ││ -                  │ je sais pas comment je l'etulise  │
││            │    │ ││                    │ gamma i don't know how to e...    │
││ 471357653… │ c… │ ││ -                  │ Hi, wo finde ich meinen           │
││            │    │ ││                    │ Referral-Link, um Gamma zu        │
││            │    │ ││                    │ empfehlen...                      │
││ 471357589… │ c… │ ││ -                  │ можете не добавить фото в         │
││            │    │ ││                    │ презентацию you may not be able   │
││            │    │ ││                    │ to...                             │
││ 471357573… │ c… │ ││ -                  │ i thought of purchasing monthly   │
││            │    │ ││                    │ plus plan, it is 400rupees. ...   │
││ 471357579… │ c… │ ││ -                  │ необходимо создать презентацию на │
││            │    │ ││                    │ текст лекции you need to c...     │
││ 471357570… │ c… │ ││ -                  │ aboneliğimi iptal etmek istiyorum │
││            │    │ ││                    │ i want to cancel my subscr...     │
││ 471357545… │ c… │ ││ -                  │ 現在Plusプランの年払いを契約して  │
││            │    │ ││                    │ いるが、更新したくない I          │
││            │    │ ││                    │ currently have a Plus plan w...   │
││ 471357578… │ c… │ ││ -                  │ Upgrading your Gamma subscription │
││            │    │ ││                    │ How to upgrade your subscr...     │
││ 471357524… │ c… │ ││ -                  │ Хотел поинтересоваться как можно  │
││            │    │ ││                    │ скачать сделанную презентац...    │
││ 471357518… │ c… │ ││ -                  │ Does Gamma offer a training how   │
││            │    │ ││                    │ to use it? We provide compre...   │
││ 471357515… │ c… │ ││ -                  │ 휴지통의 파일 삭제하는법은? how   │
││            │    │ ││                    │ to delete files in the trash? ––– │
││            │    │ ││                    │ Transl...                         │
││ 471357502… │ c… │ ││ -                  │ 作成したスライドの権利はどこに帰  │
││            │    │ ││                    │ 属しますか？ Who owns the rights  │
││            │    │ ││                    │ to the slides I c...              │
││ 471357492… │ c… │ ││ -                  │ ¿por qué no puedo subir un video  │
││            │    │ ││                    │ en formato mp4? why can't I...    │
││ 471357472… │ c… │ ││ -                  │ A super important presentation of │
││            │    │ ││                    │ mine has somehow turned in...     │
││ 471357028… │ c… │ ││ Billing            │ good morning, I just received,    │
││            │    │ ││                    │ last night, Oct 18th 2025, th...  │
││ 471356548… │ c… │ ││ -                  │ Daer Gamma Team,I found this a    │
││            │    │ ││                    │ surprise, and I did not autho...  │
││ 471357437… │ c… │ ││ -                  │ hey I can not change the languae  │
││            │    │ ││                    │ of the app. why it is even ...    │
││ 471356524… │ c… │ ││ -                  │ Hallo, Ich möchte bitte mein Abo  │
││            │    │ ││                    │ mit sofortiger Wirkung künd...    │
││ 471357493… │ c… │ ││ -                  │ Dzień dobry,! Jakie są metody     │
││            │    │ ││                    │ płatności? Good morning,! What... │
││ 471357418… │ c… │ ││ -                  │ クレジットは毎日サイインすると復  │
││            │    │ ││                    │ 活するのですか？ Will the credits │
││            │    │ ││                    │ be restored if I s...             │
││ 471357404… │ c… │ ││ -                  │ Quero cancelar I want to cancel   │
││            │    │ ││                    │ ––– Translated by Lokalise M...   │
││ 471357403… │ c… │ ││ -                  │ làm sao để tạo bài thuyết trình v │
││            │    │ ││                    │ how to create a presentati...     │
││ 471357407… │ c… │ ││ Unknown/Unresponsi │ halo hubungkan saya dengan admin  │
││            │    │ ││ ve                 │ hello connect me with admin...    │
││ 471357373… │ c… │ ││ -                  │ Czy mogę sprzedawać prezentacje   │
││            │    │ ││                    │ stworzone na stronie Gamma? ...   │
││ 471356371… │ c… │ ││ -                  │ Hi there, Please cancel all my    │
││            │    │ ││                    │ upcoming subscriptions in fut...  │
││ 471357378… │ c… │ ││ -                  │ كيف الغي الاشتراك how to          │
││            │    │ ││                    │ unsubscribe ––– Translated by     │
││            │    │ ││                    │ Lokal...                          │
││ 471357273… │ c… │ ││ -                  │ how can i upload two PPTs to be   │
││            │    │ ││                    │ one comprehensive To combine...   │
││ 471357252… │ c… │ ││ -                  │ If I cancel my Pro Monthly, my    │
││            │    │ ││                    │ existing credits can be remai...  │
││ 471357123… │ c… │ ││ -                  │ PPT파일이 오류뜰때 PPT file error │
││            │    │ ││                    │ ––– Translated by Lokalise        │
││            │    │ ││                    │ Messag...                         │
││ 471357224… │ c… │ ││ -                  │ Qual è la vostra politica di      │
││            │    │ ││                    │ privacy? What is your privacy     │
││            │    │ ││                    │ p...                              │
││ 471357020… │ c… │ ││ -                  │ hi i want to cancel my            │
││            │    │ ││                    │ subsctription To manage your      │
││            │    │ ││                    │ billing ...                       │
││ 471356984… │ c… │ ││ -                  │ Warum kann ich derzeit nicht      │
││            │    │ ││                    │ exportieren? Why can't I          │
││            │    │ ││                    │ export...                         │
││ 471357036… │ c… │ ││ -                  │ hubungkan saya dengan admin       │
││            │    │ ││                    │ connect me with admin –––         │
││            │    │ ││                    │ Transl...                         │
││ 471356797… │ c… │ ││ -                  │ hola hello ––– Translated by      │
││            │    │ ││                    │ Lokalise Messages​ This convers... │
││ 471356212… │ c… │ ││ -                  │ Vorrei disattivare l'abbonamento  │
││            │    │ ││                    │ con voi. Ditemi come fare. ...    │
││ 471356811… │ c… │ ││ -                  │ 정보를 검토해 보니 회원님의       │
││            │    │ ││                    │ 구독이 다른 플랫폼과 연결되어     │
││            │    │ ││                    │ 있는 것 같습니다. 현재 Gamma.app  │
││            │    │ ││                    │ 지원팀...                         │
││ 471356818… │ c… │ ││ -                  │ I imported google slides to be    │
││            │    │ ││                    │ transformed but it just has a...  │
││ 471356803… │ c… │ ││ -                  │ use my customer domain for        │
││            │    │ ││                    │ publishing gammas You can use     │
││            │    │ ││                    │ you...                            │
││ 471356779… │ c… │ ││ -                  │ Is there a presenter mode in      │
││            │    │ ││                    │ Gamma that allows me, as the      │
││            │    │ ││                    │ pr...                             │
││ 471356783… │ c… │ ││ -                  │ как сохранить презентацию? how to │
││            │    │ ││                    │ save a presentation? ––– T...     │
││ 471356770… │ c… │ ││ -                  │ почему презентация выгружается    │
││            │    │ ││                    │ только на 2 слайда why the pr...  │
││ 471356761… │ c… │ ││ -                  │ Bonjour Hello ––– Translated by   │
││            │    │ ││                    │ Lokalise Messages​ This conv...    │
││ 471356739… │ c… │ ││ -                  │ احتاج تعديل في الملف i need to    │
││            │    │ ││                    │ edit the file ––– Translated ...  │
││ 471356700… │ c… │ ││ -                  │ אפשר להוסיף תרגום בין לאומי לדפי  │
││            │    │ ││                    │ נחיתה או לאתר You can add i...    │
││ 471356260… │ c… │ ││ -                  │ My main domain is                 │
││            │    │ ││                    │ cloudframetechnologies.com and I  │
││            │    │ ││                    │ want all ...                      │
││ 471356661… │ c… │ ││ -                  │ 我々は現在、弊社社員の業務効率化  │
││            │    │ ││                    │ を目的に、日常的に利用可能なソリ  │
││            │    │ ││                    │ ューション（ツール）を調査してお  │
││            │    │ ││                    │ ります。そこで、貴社の「...       │
││ 471356739… │ c… │ ││ -                  │ Здравствуйте, хочу отписаться от  │
││            │    │ ││                    │ вас слуг как это сделать? H...    │
││ 471356544… │ c… │ ││ -                  │ استرجاع فلوسي retrieve my money   │
││            │    │ ││                    │ ––– Translated by Lokalise M...   │
││ 471356659… │ c… │ ││ -                  │ اريد انشاء فيديو i want to create │
││            │    │ ││                    │ a video ––– Translated by ...     │
││ 471356630… │ c… │ ││ -                  │ Διέγραψα κατά λάθος μια διαφάνεια │
││            │    │ ││                    │ .Πώς μπορώ να την επαναφέρ...     │
││ 471356653… │ c… │ ││ -                  │ a                                 │
││ 471356600… │ c… │ ││ -                  │ Kính gửi đội ngũ hỗ trợ Gamma,Tôi │
││            │    │ ││                    │ muốn yêu cầu xoá vĩnh viễn...     │
││ 471356651… │ c… │ ││ -                  │ a                                 │
││ 471356651… │ c… │ ││ -                  │ a                                 │
││ 471356651… │ c… │ ││ -                  │ a                                 │
││ 471356651… │ c… │ ││ -                  │ a                                 │
││ 471356650… │ c… │ ││ -                  │ a                                 │
││ 471356650… │ c… │ ││ -                  │ a                                 │
││ 471356650… │ c… │ ││ -                  │ a                                 │
││ 471356649… │ c… │ ││ -                  │ a                                 │
││ 471356649… │ c… │ ││ -                  │ a                                 │
││ 471356648… │ c… │ ││ -                  │ a                                 │
││ 471356648… │ c… │ ││ -                  │ a                                 │
││ 471356647… │ c… │ ││ -                  │ a                                 │
││ 471356594… │ c… │ ││ -                  │ what is my current plan ? You can │
││            │    │ ││                    │ check your current plan by...     │
││ 471356646… │ c… │ ││ -                  │ a                                 │
││ 471356646… │ c… │ ││ -                  │ a                                 │
││ 471356646… │ c… │ ││ -                  │ a                                 │
││ 471356645… │ c… │ ││ -                  │ a                                 │
││ 471356645… │ c… │ ││ -                  │ a                                 │
││ 471356644… │ c… │ ││ -                  │ a                                 │
││ 471356644… │ c… │ ││ -                  │ a                                 │
││ 471356643… │ c… │ ││ -                  │ a                                 │
││ 471356643… │ c… │ ││ -                  │ a                                 │
││ 471356643… │ c… │ ││ -                  │ a                                 │
││ 471356643… │ c… │ ││ -                  │ a                                 │
││ 471356642… │ c… │ ││ -                  │ a                                 │
││ 471356642… │ c… │ ││ -                  │ a                                 │
││ 471356642… │ c… │ ││ -                  │ a                                 │
││ 471356642… │ c… │ ││ -                  │ a                                 │
││ 471356641… │ c… │ ││ -                  │ a                                 │
││ 471356641… │ c… │ ││ -                  │ a                                 │
││ 471356641… │ c… │ ││ -                  │ a                                 │
││ 471356641… │ c… │ ││ -                  │ a                                 │
││ 471356640… │ c… │ ││ -                  │ a                                 │
││ 471356640… │ c… │ ││ -                  │ a                                 │
││ 471356639… │ c… │ ││ -                  │ a                                 │
││ 471356639… │ c… │ ││ -                  │ a                                 │
││ 471356639… │ c… │ ││ -                  │ a                                 │
││ 471356638… │ c… │ ││ -                  │ a                                 │
││ 471356638… │ c… │ ││ -                  │ a                                 │
││ 471356638… │ c… │ ││ -                  │ a                                 │
││ 471356638… │ c… │ ││ -                  │ a                                 │
││ 471356637… │ c… │ ││ -                  │ a                                 │
││ 471356637… │ c… │ ││ -                  │ a                                 │
││ 471356637… │ c… │ ││ -                  │ a                                 │
││ 471356636… │ c… │ ││ -                  │ a                                 │
││ 471356636… │ c… │ ││ -                  │ a                                 │
││ 471356636… │ c… │ ││ -                  │ a                                 │
││ 471356636… │ c… │ ││ -                  │ a                                 │
││ 471356635… │ c… │ ││ -                  │ a                                 │
││ 471356635… │ c… │ ││ -                  │ a                                 │
││ 471356635… │ c… │ ││ -                  │ a                                 │
││ 471356532… │ c… │ ││ -                  │ como canelo la suscripcion how to │
││            │    │ ││                    │ cancel the subscription ––...     │
││ 471356454… │ c… │ ││ -                  │ אני לא מוצא את המקום בו אני יכול  │
││            │    │ ││                    │ לבחור את אופן חיתוך התמונה ...    │
││ 471356468… │ c… │ ││ -                  │ comment peut-on changer la police │
││            │    │ ││                    │ ? how can I change the fon...     │
││ 471356445… │ c… │ ││ -                  │ PROを解約したい I want to cancel  │
││            │    │ ││                    │ PRO. ––– Translated by Lokalise   │
││            │    │ ││                    │ M...                              │
││ 471356366… │ c… │ ││ -                  │ Ich möchte kündigen I would like  │
││            │    │ ││                    │ to cancel ––– Translated by...    │
││ 471356356… │ c… │ ││ -                  │ Hi there, Please cancel my        │
││            │    │ ││                    │ upcoming subscription please.     │
││            │    │ ││                    │ Can...                            │
││ 471356299… │ c… │ ││ -                  │ Ich möchte meinen Vertrag hier    │
││            │    │ ││                    │ kündigen I would like to canc...  │
││ 471356274… │ c… │ ││ -                  │ where can I remove the Gamma      │
││            │    │ ││                    │ logo? To remove the "Made with    │
││            │    │ ││                    │ ...                               │
││ 471356285… │ c… │ ││ -                  │ buna The conversation language    │
││            │    │ ││                    │ could not be detected. In ord...  │
││ 471356134… │ c… │ ││ -                  │ Speak to a human Would you like   │
││            │    │ ││                    │ me to connect you with a hum...   │
││ 471356247… │ c… │ ││ -                  │ Merhaba bende ingilizce bir       │
││            │    │ ││                    │ makale var onu Türkçe ye çevire   │
││            │    │ ││                    │ ...                               │
││ 471356065… │ c… │ ││ Billing            │ 감마로고배지를 없애준다해서       │
││            │    │ ││                    │ 플러스를 구독했는데 안되서 또     │
││            │    │ ││                    │ 프로를 결제했는데 환불            │
││            │    │ ││                    │ 해주시나요? i subscr...           │
││ 471356217… │ c… │ ││ -                  │ He pagado el plus I have paid the │
││            │    │ ││                    │ bonus ––– Translated by Lo...     │
││ 471356213… │ c… │ ││ -                  │ cancel כדי לבטל את המנוי שלכם:    │
││            │    │ ││                    │ גישה להגדרות: בעמוד הבית של ג...  │
││ 471355822… │ c… │ ││ -                  │ Excuse me but I cancelled gamma   │
││            │    │ ││                    │ last year and was supposed t...   │
││ 471356173… │ c… │ ││ -                  │ 如何取消订阅 How to cancel your   │
││            │    │ ││                    │ subscription ––– Translated by    │
││            │    │ ││                    │ Lok...                            │
││ 471355868… │ c… │ ││ -                  │ 無料版でも商用利用できますか？    │
││            │    │ ││                    │ Can I use the free version for    │
││            │    │ ││                    │ commercial pu...                  │
││ 471356024… │ c… │ ││ -                  │ Comment introduire les numero de  │
││            │    │ ││                    │ page a cette etape Le ven. ...    │
││ 471356160… │ c… │ ││ -                  │ How to save without water mark To │
││            │    │ ││                    │ export without the "Made w...     │
││ 471356142… │ c… │ ││ -                  │ Kann ich mit Gamma Videos         │
││            │    │ ││                    │ erstellen? Can I create videos    │
││            │    │ ││                    │ wit...                            │
││ 471356074… │ c… │ ││ -                  │ PPT내에 이모티콘이 있어.. 너가    │
││            │    │ ││                    │ 만들어준거 다운을 받으면          │
││            │    │ ││                    │ 이모티콘은 다운이 안돼네....      │
││            │    │ ││                    │ 계속.... 왜...                    │
││ 471355726… │ c… │ ││ -                  │ HelloPlease cancell my            │
││            │    │ ││                    │ subscription to gamma Thank you   │
││            │    │ ││                    │ Neta ...                          │
││ 471356067… │ c… │ ││ -                  │ 解約 cancellation of contract ––– │
││            │    │ ││                    │ Translated by Lokalise Messa...   │
││ 471356063… │ c… │ ││ -                  │ 購入の Purchase ––– Translated by │
││            │    │ ││                    │ Lokalise Messages​ This conve...   │
││ 471356062… │ c… │ ││ -                  │ every time i try and add a photo  │
││            │    │ ││                    │ it all freezes When Gamma f...    │
││ 471355936… │ c… │ ││ -                  │ how do i delete a presentation To │
││            │    │ ││                    │ delete a presentation in G...     │
││ 471356022… │ c… │ ││ -                  │ como cambio el idioma de la       │
││            │    │ ││                    │ presentacion how to change the    │
││            │    │ ││                    │ p...                              │
││ 471356019… │ c… │ ││ -                  │ グレードを下げる downgrade –––    │
││            │    │ ││                    │ Translated by Lokalise Messages​   │
││            │    │ ││                    │ This...                           │
││ 471355941… │ c… │ ││ Unknown/Unresponsi │ How do I fix Cloudflare DNS       │
││            │    │ ││ ve                 │ issues in Gamma?                  │
││            │    │ ││                    │ Troubleshooting...                │
││ 471355661… │ c… │ ││ -                  │ I have canceled my subscription   │
││            │    │ ││                    │ please refund me back my mon...   │
││ 471355987… │ c… │ ││ -                  │ PLUSを解約したい I want to cancel │
││            │    │ ││                    │ PLUS. ––– Translated by           │
││            │    │ ││                    │ Lokalise...                       │
││ 471355985… │ c… │ ││ -                  │ Hello,You just contacted me by    │
││            │    │ ││                    │ email for the first time. My ...  │
││ 471355860… │ c… │ ││ -                  │ CÁCH Để làm bài thuyết trình mà   │
││            │    │ ││                    │ chỉ cần gõ nội dung HOW TO m...   │
││ 471355856… │ c… │ ││ -                  │ 解約したい I want to cancel my    │
││            │    │ ││                    │ subscription. ––– Translated by   │
││            │    │ ││                    │ Lo...                             │
││ 471355811… │ c… │ ││ -                  │ Come faccio a farmi fare la       │
││            │    │ ││                    │ fattura? non trovo dove mettere   │
││            │    │ ││                    │ ...                               │
││ 471355785… │ c… │ ││ -                  │ hi, how to impart a word document │
││            │    │ ││                    │ to generate a powerpoint? ...     │
││ 471355825… │ c… │ ││ -                  │ can the unused credit be brought  │
││            │    │ ││                    │ to next month? Yes, unused ...    │
││ 471355448… │ c… │ ││ -                  │ Hello Gamma Support team, I would │
││            │    │ ││                    │ like to cancel my Gamma su...     │
││ 471355783… │ c… │ ││ -                  │ why am I unable to republish my   │
││            │    │ ││                    │ published page When your sit...   │
││ 471355743… │ c… │ ││ -                  │ Boa noite. Posso publicar este    │
││            │    │ ││                    │ curso na web sem problemas co...  │
││ 471355678… │ c… │ ││ -                  │ Cómo cancelo la suscripción How   │
││            │    │ ││                    │ do I cancel my subscription?...   │
││ 471355679… │ c… │ ││ -                  │ PlusからProにアップグレードした時 │
││            │    │ ││                    │ の料金 Fee for upgrade from Plus  │
││            │    │ ││                    │ to Pro. ––...                     │
││ 471355558… │ c… │ ││ -                  │ can i not upload a word doc and u │
││            │    │ ││                    │ refine it without changing...     │
││ 471355661… │ c… │ ││ -                  │ Cómo cancelo mi suscripción How   │
││            │    │ ││                    │ do I cancel my subscription?...   │
││ 471355632… │ c… │ ││ -                  │ 退会したいです I would like to    │
││            │    │ ││                    │ cancel my membership. –––         │
││            │    │ ││                    │ Translated...                     │
││ 471355597… │ c… │ ││ -                  │ lien vers MCP server link to MCP  │
││            │    │ ││                    │ server ––– Translated by Lo...    │
││ 471355631… │ c… │ ││ -                  │ مرحبا . hello . ––– Translated by │
││            │    │ ││                    │ Lokalise Messages​ This co...      │
││ 471355543… │ c… │ ││ -                  │ Hola, buen día como estas? una    │
││            │    │ ││                    │ pregunta, porque al descargar...  │
││ 471355574… │ c… │ ││ -                  │ chào bạn Hello ––– Translated by  │
││            │    │ ││                    │ Lokalise Messages​ This con...     │
││ 471355505… │ c… │ ││ -                  │ Which plan do I need to have my   │
││            │    │ ││                    │ own domain. I just need one ...   │
││ 471355540… │ c… │ ││ -                  │ October 18, 2025 | Read Online    │
││            │    │ ││                    │ Police are asking kids to sto...  │
││ 471355474… │ c… │ ││ -                  │ フォーム＆ボタンのところにリンク  │
││            │    │ ││                    │ を張り付けたのですが、httpsのもの │
││            │    │ ││                    │ を張り付けたのですが、リンクされ  │
││            │    │ ││                    │ ないのはなぜでしょ...             │
││ 471355497… │ c… │ ││ -                  │ フリープランを使っているんですけ  │
││            │    │ ││                    │ ど、いきなり有料プランに変わった  │
││            │    │ ││                    │ りはしませんか？ I'm using a free │
││            │    │ ││                    │ pl...                             │
││ 471355493… │ c… │ ││ -                  │ do you use my data for learning   │
││            │    │ ││                    │ It depends on your workspace...   │
││ 471355477… │ c… │ ││ -                  │ Quiero renunciar a mi plan como   │
││            │    │ ││                    │ hago? I want to resign from ...   │
││ 471355481… │ c… │ ││ -                  │ Why is my Pro Plan limiting me to │
││            │    │ ││                    │ 60 slides for AI PowerPoin...     │
││ 471355453… │ c… │ ││ -                  │ any discount on pro? Currently,   │
││            │    │ ││                    │ we don't have any promotions...   │
││ 471355460… │ c… │ ││ -                  │ que tal, oye como puedo pagar con │
││            │    │ ││                    │ tarjeta que ya hice los aj...     │
││ 471368490… │ c… │ ││ Product Question   │ Kunden beschweren sich, dass die  │
││            │    │ ││                    │ PRäsentation im PDF Reader ...    │
││ 471367327… │ c… │ ││ -                  │ konto kündigen Hallo The          │
││            │    │ ││                    │ conversation language could not   │
││            │    │ ││                    │ be ...                            │
││ 471375250… │ c… │ ││ Billing            │ Hello, I no longer wish to have a │
││            │    │ ││                    │ paid subscription, but can...     │
││ 471371196… │ c… │ ││ Billing            │ I’m writing to bring to your      │
││            │    │ ││                    │ attention an issue with a         │
││            │    │ ││                    │ recen...                          │
││ 471375191… │ c… │ ││ Billing            │ Hello, I would like to request a  │
││            │    │ ││                    │ refund for my Gamma subscri...    │
││ 471366763… │ c… │ ││ -                  │ Where can I put my company        │
││            │    │ ││                    │ details and tax information You   │
││            │    │ ││                    │ c...                              │
││ 471372354… │ c… │ ││ Product Question   │ I am trying to connect my Google  │
││            │    │ ││                    │ Analytics Google Tag and I ...    │
││ 471378249… │ c… │ ││ Unknown/Unresponsi │ 退会したのに決済されています。 I  │
││            │    │ ││ ve                 │ have withdrawn from the           │
││            │    │ ││                    │ membership but the...             │
││ 471371779… │ c… │ ││ Billing            │ Boa tarde, eu crie um documento   │
││            │    │ ││                    │ com 10 slides, daí o site me...   │
││ 471370537… │ c… │ ││ Billing            │ Prezada Lianne Como já informei   │
││            │    │ ││                    │ em inúmeros emails, eu tinha...   │
││ 471377430… │ c… │ ││ Account            │ I'd like to chat with someone     │
││            │    │ ││                    │ about changing my email on my ... │
││ 471371267… │ c… │ ││ Unknown/Unresponsi │ Buen día, contraté el servicio y  │
││            │    │ ││ ve                 │ en la plataforma me sale co...    │
││ 471371341… │ c… │ ││ Account            │ I'd like to change my email on my │
││            │    │ ││                    │ account Hi there, this is ...     │
││ 471366938… │ c… │ ││ -                  │ I keep adding a picture and it    │
││            │    │ ││                    │ stays there for like 10 secon...  │
││ 471365829… │ c… │ ││ Bug                │ Googleスライドにエクスポートした  │
││            │    │ ││                    │ 際アイコンがエラーが起きます      │
││            │    │ ││                    │ Googleスライドへのエクスポート時  │
││            │    │ ││                    │ のアイコンエラ...                 │
││ 471374175… │ c… │ ││ Unknown/Unresponsi │ Every time I export my gamme -    │
││            │    │ ││ ve                 │ the icons no longer work. Exa...  │
││ 471365853… │ c… │ ││ Unknown/Unresponsi │ Assunto: Solicitação de reembolso │
││            │    │ ││ ve                 │ por cobrança anual indevid...     │
││ 471376621… │ c… │ ││ Unknown/Unresponsi │ היי מופיע לי כל חודש חיוב אבל     │
││            │    │ ││ ve                 │ בפועל לא מוצאת את החשבון שלי H... │
││ 471374169… │ c… │ ││ Privacy & Security │ Hello, Following up again for an  │
││            │    │ ││                    │ update on this request? It ...    │
││ 471371804… │ c… │ ││ Billing            │ Dear Gamma I am doing             │
││            │    │ ││                    │ accessibility compliance review   │
││            │    │ ││                    │ to fac...                         │
││ 471375105… │ c… │ ││ Product Question   │ Здравствуйте! Помогите,           │
││            │    │ ││                    │ пожалуйста, разобраться с         │
││            │    │ ││                    │ проблемой ...                     │
││ 471368675… │ c… │ ││ Account            │ Ik wil mijn email veranderen naar │
││            │    │ ││                    │ admin@dauwels.co voor mijn...     │
││ 471377198… │ c… │ ││ -                  │ No estoy pudiendo usar la         │
││            │    │ ││                    │ suscripción paga El lun, 20 oct   │
││            │    │ ││                    │ 20...                             │
││ 471372937… │ c… │ ││ Billing            │ Hello. I accidentally confirmed   │
││            │    │ ││                    │ that my girlfriend made a pa...   │
││ 471371269… │ c… │ ││ Billing            │ Me comunico a soporte ya que      │
││            │    │ ││                    │ quiero realizar un cambio en      │
││            │    │ ││                    │ el...                             │
││ 471370479… │ c… │ ││ Billing            │ ho l'account a pagamento i have   │
││            │    │ ││                    │ the paid account ––– Transla...   │
││ 471364451… │ c… │ ││ Billing            │ 안녕하세요 월간결제로 해야하는데  │
││            │    │ ││                    │ 년간 결제로 해버려서 혹시 플랜    │
││            │    │ ││                    │ 변경 가능할까요 ?? hello, I       │
││            │    │ ││                    │ was...                            │
││ 471373738… │ c… │ ││ Abuse              │ ola, estou com erro ao publicar   │
││            │    │ ││                    │ minha pagina, a mensagem me ...   │
││ 471373552… │ c… │ ││ Unknown/Unresponsi │ Hi The conversation language      │
││            │    │ ││ ve                 │ could not be detected. In         │
││            │    │ ││                    │ order...                          │
││ 471370046… │ c… │ ││ Billing            │ HelloThis is not for me please    │
││            │    │ ││                    │ refund meThanksRBegin forward...  │
││ 471369791… │ c… │ ││ Billing            │ Eu não sabia que o plano de       │
││            │    │ ││                    │ assinatura era automático. Eu     │
││            │    │ ││                    │ nã...                             │
││ 471376141… │ c… │ ││ -                  │ naoconsigo pgar o gamma The       │
││            │    │ ││                    │ conversation language could not   │
││            │    │ ││                    │ ...                               │
││ 471371232… │ c… │ ││ Billing            │ Bonjour,Je viens de m’abonner à   │
││            │    │ ││                    │ votre offre de "8 €/mois fac...   │
││ 471373917… │ c… │ ││ Billing            │ Hey there,Can you help me proceed │
││            │    │ ││                    │ with this? I thought you w...     │
││ 471377483… │ c… │ ││ Privacy & Security │ Hi, My company has tested out     │
││            │    │ ││                    │ your features and think it's a... │
││ 471372791… │ c… │ ││ Unknown/Unresponsi │ buen día, necesito modificar los  │
││            │    │ ││ ve                 │ datos de facturación ya que...    │
││ 471371995… │ c… │ ││ Abuse              │ por favor ayuda Hi there, Angel   │
││            │    │ ││                    │ here!​﻿ Thank you for reachi...     │
││ 471374929… │ c… │ ││ Abuse              │ no me permita publicar Si recibes │
││            │    │ ││                    │ un mensaje de error que di...     │
││ 471369274… │ c… │ ││ Chargeback         │ как скачать перезентацию? ! Hi    │
││            │    │ ││                    │ there, ​﻿ Thank you for reach...    │
││ 471372115… │ c… │ ││ Billing            │ pagos Hi there, Angel here!​﻿ Thank │
││            │    │ ││                    │ you for reaching out to ...       │
││ 471375455… │ c… │ ││ Account            │ I need to change the email that   │
││            │    │ ││                    │ is associated with this acco...   │
││ 471369142… │ c… │ ││ Unknown/Unresponsi │ Tenho a assinatura Plus, mas      │
││            │    │ ││ ve                 │ quero cancelar. Ela se            │
││            │    │ ││                    │ renovará...                       │
││ 471367965… │ c… │ ││ Billing            │ Hallo liebes Gamma-Team, ich habe │
││            │    │ ││                    │ ein Problem mit meinem Acc...     │
││ 471367638… │ c… │ ││ Billing            │ cancel the subscription To manage │
││            │    │ ││                    │ your billing info, you can...     │
││ 471368101… │ c… │ ││ -                  │ how to merge tow presentation We  │
││            │    │ ││                    │ don't have a built-in way t...    │
││ 471366263… │ c… │ ││ -                  │ 請問現在gamma為何無法運作？       │
││            │    │ ││                    │ 匯入檔案等好久                    │
││            │    │ ││                    │ 平日的是幾秒的程序，現在是要幾分  │
││            │    │ ││                    │ 鐘？ Why is gamma not...          │
││ 471375210… │ c… │ ││ Unknown/Unresponsi │ Hola, quiero poner en el pie de   │
││            │    │ ││ ve                 │ mi pagina web links de "term...   │
││ 471365830… │ c… │ ││ Bug                │ I am having problems publishing   │
││            │    │ ││                    │ my gamma site to my own doma...   │
││ 471375279… │ c… │ ││ Unknown/Unresponsi │ I would like to address my        │
││            │    │ ││ ve                 │ questions to a real person. Can   │
││            │    │ ││                    │ y...                              │
││ 471371948… │ c… │ ││ Abuse              │ j'ai ce message au moment de      │
││            │    │ ││                    │ publier mon site : Erreur lors    │
││            │    │ ││                    │ ...                               │
││ 471375127… │ c… │ ││ Unknown/Unresponsi │ Hi I just joined as a pro member  │
││            │    │ ││ ve                 │ and would like to receive a...    │
││ 471366273… │ c… │ ││ Abuse              │ Bonjours je revien vers vous car  │
││            │    │ ││                    │ votre application a l’air d...    │
││ 471377888… │ c… │ ││ Unknown/Unresponsi │ MARIA CLARA BRAGA DE SIQUEIRA     │
││            │    │ ││ ve                 │ OLIVEIRA SILVACPF: 43083085850... │
││ 471371208… │ c… │ ││ Abuse              │ Getting an error that says: Error │
││            │    │ ││                    │ publishing sitePublishing ...     │
││ 471367326… │ c… │ ││ Billing            │ I like to cancel the subscription │
││            │    │ ││                    │ and get a refund hello ? H...     │
││ 471373820… │ c… │ ││ Billing            │ cambio metodo de pago change of   │
││            │    │ ││                    │ payment method ––– Translate...   │
││ 471364701… │ c… │ ││ Billing            │ Norėčiau susisiekti su gyvu       │
││            │    │ ││                    │ žmogumi. Noriu kad būtų           │
││            │    │ ││                    │ perrašyt...                       │
││ 471372002… │ c… │ ││ Unknown/Unresponsi │ hola intento arreglar mi          │
││            │    │ ││ ve                 │ contneido pero al exportsrlo se   │
││            │    │ ││                    │ cor...                            │
││ 471372492… │ c… │ ││ Unknown/Unresponsi │ Why I failed to upload a PDF file │
││            │    │ ││ ve                 │ for a PPT? Hey there! Ange...     │
││ 471373962… │ c… │ ││ Bug                │ olá, boa tarde Set current        │
││            │    │ ││                    │ conversation language to          │
││            │    │ ││                    │ Portugue...                       │
││ 471371945… │ c… │ ││ Billing            │ copia de mi factura ! Hi Paloma, ​﻿ │
││            │    │ ││                    │ Thank you for reaching o...       │
││ 471371835… │ c… │ ││ Unknown/Unresponsi │ Si je t'envoie une fichier tu     │
││            │    │ ││ ve                 │ peux générer une ppt pour Set ... │
││ 471373010… │ c… │ ││ Unknown/Unresponsi │ Добрый вечер К вам вопросЗа какие │
││            │    │ ││ ve                 │ услуги у меня сняли 990 ру...     │
││ 471370932… │ c… │ ││ Unknown/Unresponsi │ I would like to cancel my         │
││            │    │ ││ ve                 │ subscription and have a refund Hi │
││            │    │ ││                    │ ...                               │
││ 471371123… │ c… │ ││ Unknown/Unresponsi │ I want money refund because I     │
││            │    │ ││ ve                 │ didn't want to buy gamma for a... │
││ 471375126… │ c… │ ││ Unknown/Unresponsi │ хочу скасувати підписку ! Hi      │
││            │    │ ││ ve                 │ there, this is Yerison. I'm       │
││            │    │ ││                    │ hap...                            │
││ 471371949… │ c… │ ││ Promotions         │ What is the best paid option for  │
││            │    │ ││                    │ a small school department H...    │
││ 471371663… │ c… │ ││ Unknown/Unresponsi │ hello, i pay for ultra, but 2     │
││            │    │ ││ ve                 │ days after that do the next pa... │
││ 471371739… │ c… │ ││ Billing            │ necesito ayuda para cambiar el    │
││            │    │ ││                    │ nombre del cliente en el invo...  │
││ 471365487… │ c… │ ││ Account            │ Bonjour, Je ne souhaite pas       │
││            │    │ ││                    │ reconduire l’abonnement car je    │
││            │    │ ││                    │ p...                              │
││ 471373844… │ c… │ ││ Unknown/Unresponsi │ Boa tarde! ! Hi Alcir, Lianne     │
││            │    │ ││ ve                 │ here! After reviewing your rec... │
││ 471374477… │ c… │ ││ Billing            │ Quero remover meu cartão da       │
││            │    │ ││                    │ conta, pois estão cobrando        │
││            │    │ ││                    │ mesmo...                          │
││ 471374185… │ c… │ ││ Billing            │ me hicieron un cargo y no         │
││            │    │ ││                    │ reconozco la compra Hi Armando,   │
││            │    │ ││                    │ Li...                             │
││ 471374622… │ c… │ ││ Unknown/Unresponsi │ салом hello ––– Translated by     │
││            │    │ ││ ve                 │ Lokalise Messages​ This conver...  │
││ 471370206… │ c… │ ││ Unknown/Unresponsi │ how can I change the background   │
││            │    │ ││ ve                 │ color of these boxes Hi ther...   │
││ 471370531… │ c… │ ││ Unknown/Unresponsi │ salve, come posso utilizzare il   │
││            │    │ ││ ve                 │ mio modello salvato per appl...   │
││ 471371100… │ c… │ ││ Unknown/Unresponsi │ i upgraded my membership to pro   │
││            │    │ ││ ve                 │ and I cant change the number...   │
││ 471376352… │ c… │ ││ Workspace          │ Hi Mike,This is Max with Gamma    │
││            │    │ ││                    │ Support 👋 . We received a req... │
││ 471375307… │ c… │ ││ Unknown/Unresponsi │ cannot receive link to add        │
││            │    │ ││ ve                 │ password the email never sends    │
││            │    │ ││                    │ If...                             │
││ 471376551… │ c… │ ││ Billing            │ i canceled my subscption and you  │
││            │    │ ││                    │ don t canceled If you cance...    │
││ 471365413… │ c… │ ││ Abuse              │ salve The conversation language   │
││            │    │ ││                    │ could not be detected. In or...   │
││ 471375438… │ c… │ ││ Billing            │ HAY UN ERROR EN MI FACTURA,       │
││            │    │ ││                    │ NECESITO REFACTURAR THERE IS AN   │
││            │    │ ││                    │ ...                               │
││ 471368244… │ c… │ ││ Account            │ We lost 4,500 credits from the    │
││            │    │ ││                    │ credits we bought on Thursday...  │
││ 471368240… │ c… │ ││ Account            │ Добрый день! Подскажите, как мне  │
││            │    │ ││                    │ сменить email почту? Процес...    │
││ 471379315… │ c… │ ││ Billing            │ hola requiero la factura a nombre │
││            │    │ ││                    │ de : CORPORATIVO FOPEDI he...     │
││ 471371265… │ c… │ ││ Abuse              │ Hi there, I am getting an error   │
││            │    │ ││                    │ when I try to update my site...   │
││ 471368187… │ c… │ ││ Unknown/Unresponsi │ J’ai réalisé un projet sur gamma  │
││            │    │ ││ ve                 │ mais je ne le retrouve plus...    │
││ 471373584… │ c… │ ││ Billing            │ Hello, I purchased gamma pro for  │
││            │    │ ││                    │ one year by accident. I wan...    │
││ 471365822… │ c… │ ││ Account            │ Ich werde die Firma verlassen und │
││            │    │ ││                    │ wollte fragen ob es möglic...     │
││ 471363424… │ c… │ ││ Account            │ Não consigo mais acessar meu      │
││            │    │ ││                    │ email cadastrado I can no         │
││            │    │ ││                    │ longe...                          │
││ 471369555… │ c… │ ││ Unknown/Unresponsi │ 領収書がほしい !lang ja <-> en    │
││            │    │ ││ ve                 │ Set current conversation language │
││            │    │ ││                    │ to...                             │
││ 471377845… │ c… │ ││ Unknown/Unresponsi │ A plataforma esta muiot lenta ,   │
││            │    │ ││ ve                 │ não consigo fazer nada aqui,...   │
││ 471377742… │ c… │ ││ Unknown/Unresponsi │ não estou conseguindo gerar       │
││            │    │ ││ ve                 │ documentos i can't generate       │
││            │    │ ││                    │ docu...                           │
││ 471375300… │ c… │ ││ Unknown/Unresponsi │ MEU GAMMA ESTA MUITO LENTO E      │
││            │    │ ││ ve                 │ MINHA INTERNET ESTA NORMAL MY     │
││            │    │ ││                    │ G...                              │
││ 471374618… │ c… │ ││ Unknown/Unresponsi │ Uploading documents are taking    │
││            │    │ ││ ve                 │ forever. If document uploads ...  │
││ 471374156… │ c… │ ││ Unknown/Unresponsi │ I am trying to upload fonts into  │
││            │    │ ││ ve                 │ custom fonts and I keep get...    │
││ 471369246… │ c… │ ││ Account            │ I keep getting the message that   │
││            │    │ ││                    │ my gamma is too large to edi...   │
││ 471369046… │ c… │ ││ Unknown/Unresponsi │ inserire dati per fattura !lang   │
││            │    │ ││ ve                 │ it <-> en Set current conver...   │
││ 471369150… │ c… │ ││ Chargeback         │ Wie kann ich bei "Kästen mit      │
││            │    │ ││                    │ Kreis oben" eine                  │
││            │    │ ││                    │ kontinuierlich...                 │
││ 471368704… │ c… │ ││ Unknown/Unresponsi │ the ai is not working it keeps    │
││            │    │ ││ ve                 │ telling me error what hell is...  │
││ 471366731… │ c… │ ││ Billing            │ Hello Gamma Support Team, I’m     │
││            │    │ ││                    │ writing because I accidentally... │
││ 471364781… │ c… │ ││ Billing            │ 환불문의 refund Inquiry –––       │
││            │    │ ││                    │ Translated by Lokalise Messages​   │
││            │    │ ││                    │ Thi...                            │
││ 471366131… │ c… │ ││ Unknown/Unresponsi │ Yes, please cancel. Hi there,     │
││            │    │ ││ ve                 │ Since you're requesting a refu... │
││ 471375136… │ c… │ ││ Billing            │ Good Afternoon, I was just        │
││            │    │ ││                    │ checking my email and saw I was   │
││            │    │ ││                    │ c...                              │
││ 471369105… │ c… │ ││ Billing            │ dove devo inserire i dati per     │
││            │    │ ││                    │ ottenrere una fattura se aderi... │
││ 471375473… │ c… │ ││ Product Question   │ How can I add members to a        │
││            │    │ ││                    │ folder? Hey, Pete! this is        │
││            │    │ ││                    │ Leidy,...                         │
││ 471366581… │ c… │ ││ Unknown/Unresponsi │ Looping support as well. Jose     │
││            │    │ ││ ve                 │ Shanu APCO(m) +971 55 9548671j... │
││ 471365824… │ c… │ ││ Unknown/Unresponsi │ 🚀                                │
││            │    │ ││ ve                 │ 感謝您聯繫Gamma客戶支持！我們能幫 │
││            │    │ ││                    │ 助您什麼？ Set current            │
││            │    │ ││                    │ conversation language...          │
││ 471365822… │ c… │ ││ -                  │ I want to make sure my data isn't │
││            │    │ ││                    │ shared Your data privacy i...     │
││ 471366531… │ c… │ ││ Product Question   │ will you be adding organograms    │
││            │    │ ││                    │ into your graphs section? als...  │
││ 471375216… │ c… │ ││ Product Question   │ hello i am using gamma through my │
││            │    │ ││                    │ i pad , i did ppt and i wa...     │
││ 471366937… │ c… │ ││ Workspace          │ Bom dia, Não estou a conseguir    │
││            │    │ ││                    │ gerar uma apresentação em pow...  │
││ 471366271… │ c… │ ││ Billing            │ I received an invoice today for   │
││            │    │ ││                    │ the Pro service. According t...   │
││ 471366289… │ c… │ ││ Billing            │ Hi,I signed up and cancelled      │
││            │    │ ││                    │ straight away and seen I have     │
││            │    │ ││                    │ b...                              │
││ 471371286… │ c… │ ││ Product Question   │ ho bisogno di scaricare il power  │
││            │    │ ││                    │ Point che<ato !lang it <-> ...    │
││ 471364791… │ c… │ ││ Account            │ Hi there. I signed up using my    │
││            │    │ ││                    │ google account above, but I h...  │
││ 471379322… │ c… │ ││ Billing            │ quero cancelar e ser reembolsada  │
││            │    │ ││                    │ i want to cancel and get a ...    │
││ 471364789… │ c… │ ││ Billing            │ Eu não quero mais que me cobrem a │
││            │    │ ││                    │ anuidade, cobraram do meu ...     │
││ 471371402… │ c… │ ││ Product Question   │ سلام وقتتون بخیر می‌خوام بیشتر از  │
││            │    │ ││                    │ ده اسلاید بسازم ولی روندش ...     │
││ 471366797… │ c… │ ││ Billing            │ Dear Gamma Customer Service       │
││            │    │ ││                    │ Team,I hope this email finds      │
││            │    │ ││                    │ you...                            │
││ 471370839… │ c… │ ││ Billing            │ Hello, Could you please provide   │
││            │    │ ││                    │ an updated invoice for the r...   │
││ 471372828… │ c… │ ││ Billing            │ Wo finde ich meine Rechnungen?    │
││            │    │ ││                    │ Ich hatte ein kostenpflichtig...  │
││ 471364614… │ c… │ ││ Billing            │ Dear Customer Support Team,I hope │
││            │    │ ││                    │ you're well.I'm writing to...     │
││ 471363517… │ c… │ ││ Unknown/Unresponsi │ humano The conversation language  │
││            │    │ ││ ve                 │ could not be detected. In o...    │
││ 471372788… │ c… │ ││ Billing            │ I just paid for Gamma Plus and    │
││            │    │ ││                    │ would like a refund I underst...  │
││ 471371746… │ c… │ ││ Billing            │ Hola equipo de Gamma, El día 20   │
││            │    │ ││                    │ de octubre de 2025 se me cob...   │
││ 471376999… │ c… │ ││ Billing            │ Hi there, I just received the     │
││            │    │ ││                    │ renewal receipt for the Gamma ... │
││ 471364057… │ c… │ ││ Bug                │ my image creation failed When AI  │
││            │    │ ││                    │ image generation fails, her...    │
││ 471363783… │ c… │ ││ Unknown/Unresponsi │ I'd like to determine if I want   │
││            │    │ ││ ve                 │ to reactivate my membership ...   │
││ 471363808… │ c… │ ││ Unknown/Unresponsi │ Hello, I have a paid              │
││            │    │ ││ ve                 │ subscription. Just I did signout  │
││            │    │ ││                    │ and ne...                         │
││ 471376675… │ c… │ ││ Bug                │ não consigo acessar a minha       │
││            │    │ ││                    │ conta. i can't access my          │
││            │    │ ││                    │ account...                        │
││ 471378873… │ c… │ ││ Billing            │ Ayúdame a desactivar suscripción  │
││            │    │ ││                    │ Help me to deactivate subsc...    │
││ 471375349… │ c… │ ││ Bug                │ Buenas Tardes no puedo subir      │
││            │    │ ││                    │ imágenes a mis presentaciones     │
││            │    │ ││                    │ y...                              │
││ 471375004… │ c… │ ││ Bug                │ Não estou conseguindo fazer       │
││            │    │ ││                    │ upload de imagens do meu pc,      │
││            │    │ ││                    │ não...                            │
││ 471370766… │ c… │ ││ Bug                │ This doesn’t help. Please route   │
││            │    │ ││                    │ my request to a person. This...   │
││ 471374764… │ c… │ ││ Bug                │ non riesco a condividere dei      │
││            │    │ ││                    │ documenti via link, ho gamma      │
││            │    │ ││                    │ pr...                             │
││ 471376380… │ c… │ ││ Unknown/Unresponsi │ humano The conversation language  │
││            │    │ ││ ve                 │ could not be detected. In o...    │
││ 471372506… │ c… │ ││ Billing            │ desistir da compra Hi Karoline, ​  │
││            │    │ ││                    │ Thanks for reaching out to...     │
││ 471372002… │ c… │ ││ Billing            │ 안녕하세요. 구독 취소했는데요     │
││            │    │ ││                    │ 환불 언제 해주나요? 1lang ko <->  │
││            │    │ ││                    │ en !lang ko <-> en...             │
││ 471376993… │ c… │ ││ Billing            │ Não autorizei a renovação. I      │
││            │    │ ││                    │ didn't authorize the renewal.     │
││            │    │ ││                    │ –...                              │
││ 471375138… │ c… │ ││ Bug                │ Fehler beim Veröffentlichen der   │
││            │    │ ││                    │ WebsiteLeider können wir die...   │
││ 471376313… │ c… │ ││ Bug                │ ola The conversation language     │
││            │    │ ││                    │ could not be detected. In orde... │
││ 471369522… │ c… │ ││ Feature Request    │ hi, I won the OOO game and filled │
││            │    │ ││                    │ in my information to be se...     │
││ 471375117… │ c… │ ││ Bug                │ why are my images not uploading?  │
││            │    │ ││                    │ If your images aren't uploa...    │
││ 471376650… │ c… │ ││ Billing            │ Eu comprei parcelado, mas a       │
││            │    │ ││                    │ cobrança no meu cartão está a     │
││            │    │ ││                    │ vi...                             │
││ 471379034… │ c… │ ││ Billing            │ quiero cancelar mi suscricion i   │
││            │    │ ││                    │ want to cancel my subscripti...   │
││ 471364777… │ c… │ ││ Billing            │ Hi there, I accidentally          │
││            │    │ ││                    │ purchased an upgrade, I only want │
││            │    │ ││                    │ t...                              │
││ 471373242… │ c… │ ││ Account            │ Gostaria de mudar meu email de    │
││            │    │ ││                    │ login I'd like to change my l...  │
││ 471368715… │ c… │ ││ Bug                │ Subject: Recurrent Issue          │
││            │    │ ││                    │ Uploading New Cards on My Website │
││            │    │ ││                    │ (...                              │
││ 471369632… │ c… │ ││ Billing            │ HiI registered in PRO account     │
││            │    │ ││                    │ last month,Subscription was re... │
││ 471369339… │ c… │ ││ Billing            │ bom dia good morning –––          │
││            │    │ ││                    │ Translated by Lokalise Messages​   │
││            │    │ ││                    │ Th...                             │
││ 471367281… │ c… │ ││ Billing            │ Hello I’m still eating for an     │
││            │    │ ││                    │ answer Sent from my iPhone Hi ... │
││ 471377997… │ c… │ ││ Unknown/Unresponsi │ no carga Gamma.app The            │
││            │    │ ││ ve                 │ conversation language could not   │
││            │    │ ││                    │ be de...                          │
││ 471377382… │ c… │ ││ Unknown/Unresponsi │ Tenho um trabalho pra apresentar  │
││            │    │ ││ ve                 │ amanhã e os slides estão no...    │
││ 471375468… │ c… │ ││ Unknown/Unresponsi │ Is there any service down right   │
││            │    │ ││ ve                 │ now? I cannot generate any p...   │
││ 471375460… │ c… │ ││ Unknown/Unresponsi │ hello - i am trying to sign up    │
││            │    │ ││ ve                 │ and it wont let me complete s...  │
││ 471375457… │ c… │ ││ Unknown/Unresponsi │ я не могу опубликовать сайт уже   │
││            │    │ ││ ve                 │ час, у вас есть проблемы. No...   │
││ 471375439… │ c… │ ││ Unknown/Unresponsi │ acabe de pagar y no se activa     │
││            │    │ ││ ve                 │ Note from: 🐛 AWS widespread      │
││            │    │ ││                    │ is...                             │
││ 471375250… │ c… │ ││ Unknown/Unresponsi │ gamma isn't accepting any image   │
││            │    │ ││ ve                 │ upload and the chat support ...   │
││ 471375234… │ c… │ ││ Unknown/Unresponsi │ I'm trying to use the custom      │
││            │    │ ││ ve                 │ theme feature and its getting     │
││            │    │ ││                    │ s...                              │
││ 471375215… │ c… │ ││ Unknown/Unresponsi │ I know a lot of companies are     │
││            │    │ ││ ve                 │ struggling with the AWS outage... │
││ 471375179… │ c… │ ││ Unknown/Unresponsi │ Gamma isn't accepting images      │
││            │    │ ││ ve                 │ uploads Note from: 🐛 AWS         │
││            │    │ ││                    │ widesp...                         │
││ 471375152… │ c… │ ││ Unknown/Unresponsi │ Hello. I'm trying what I would    │
││            │    │ ││ ve                 │ think is a simple task to do ...  │
││ 471375063… │ c… │ ││ Unknown/Unresponsi │ pictures are tacking very long    │
││            │    │ ││ ve                 │ time to upload Note from: 🐛 A... │
││ 471374904… │ c… │ ││ Unknown/Unresponsi │ il est impossible d'importer un   │
││            │    │ ││ ve                 │ thème j'ai toujours une erre...   │
││ 471375044… │ c… │ ││ Unknown/Unresponsi │ estoy tratando de subir un        │
││            │    │ ││ ve                 │ archivo y no carga Note from: 🐛  │
││            │    │ ││                    │ A...                              │
││ 471374778… │ c… │ ││ Unknown/Unresponsi │ I submitted a large Microsoft     │
││            │    │ ││ ve                 │ word file to have made into a ... │
││ 471374216… │ c… │ ││ Unknown/Unresponsi │ J'ai une image importée qui ne    │
││            │    │ ││ ve                 │ veut pas se charger sur le do...  │
││ 471374181… │ c… │ ││ Unknown/Unresponsi │ Esta andando mal gamma Note from: │
││            │    │ ││ ve                 │ 🐛 AWS widespread issue 10/...    │
││ 471374180… │ c… │ ││ Unknown/Unresponsi │ problemas tecnico Note from: 🐛   │
││            │    │ ││ ve                 │ AWS widespread issue 10/20/25...  │
││ 471374159… │ c… │ ││ Unknown/Unresponsi │ Images are not uploading. Tried   │
││            │    │ ││ ve                 │ both PNG and JPEG formats. N...   │
││ 471374177… │ c… │ ││ Unknown/Unresponsi │ connect to the agent Note from:   │
││            │    │ ││ ve                 │ 🐛 AWS widespread issue 10/20...  │
││ 471373927… │ c… │ ││ Unknown/Unresponsi │ Meu arquivo parou de subir. Note  │
││            │    │ ││ ve                 │ from: 🐛 AWS widespread issu...   │
││ 471373786… │ c… │ ││ Unknown/Unresponsi │ Importer un quizz de Perplexity   │
││            │    │ ││ ve                 │ Note from: 🐛 AWS widespread ...  │
││ 471373690… │ c… │ ││ Unknown/Unresponsi │ I cannot upload a document        │
││            │    │ ││ ve                 │ (Word). It's small Note from: 🐛  │
││            │    │ ││                    │ A...                              │
││ 471373605… │ c… │ ││ Unknown/Unresponsi │ Hi, I'd like to see website       │
││            │    │ ││ ve                 │ analytics but it's not in the     │
││            │    │ ││                    │ me...                             │
││ 471373197… │ c… │ ││ Unknown/Unresponsi │ Hi I am trying to import master   │
││            │    │ ││ ve                 │ design presentation I have a...   │
││ 471373074… │ c… │ ││ Unknown/Unresponsi │ No cargan los archivos para hacer │
││            │    │ ││ ve                 │ presentaciones Note from: ...     │
││ 471372680… │ c… │ ││ Unknown/Unresponsi │ I started with the free version   │
││            │    │ ││ ve                 │ and I keep trying to subscri...   │
││ 471372003… │ c… │ ││ Unknown/Unresponsi │ I want to download. Note from: 🐛 │
││            │    │ ││ ve                 │ AWS widespread issue 10/20/...    │
││ 471371933… │ c… │ ││ Unknown/Unresponsi │ your ai agent isnt working Note   │
││            │    │ ││ ve                 │ from: 🐛 AWS widespread issue...  │
││ 471371714… │ c… │ ││ Unknown/Unresponsi │ eu crie um documento com 10       │
││            │    │ ││ ve                 │ slides, dai o site me disse que   │
││            │    │ ││                    │ ...                               │
││ 471371527… │ c… │ ││ Unknown/Unresponsi │ Why will the sites not publish ?  │
││            │    │ ││ ve                 │ Note from: 🐛 AWS widespread...   │
││ 471374919… │ c… │ ││ Billing            │ Hello, I hope you can help me. I  │
││            │    │ ││                    │ no longer wished to use Gam...    │
││ 471373526… │ c… │ ││ Product Question   │ Can I white label gamma and       │
││            │    │ ││                    │ password protect websites? Yes,   │
││            │    │ ││                    │ ...                               │
││ 471367307… │ c… │ ││ Billing            │ Bom dia estou com um problema na  │
││            │    │ ││                    │ conta estou com duas cobran...    │
││ 471366752… │ c… │ ││ Billing            │ Ich möchte gerne auf PRO          │
││            │    │ ││                    │ upgraden. Da ich es über die      │
││            │    │ ││                    │ Firma ...                         │
││ 471371415… │ c… │ ││ Unknown/Unresponsi │ Im not able to upload accent      │
││            │    │ ││ ve                 │ images to my theme. why isnt      │
││            │    │ ││                    │ it...                             │
││ 471370428… │ c… │ ││ Unknown/Unresponsi │ SE EU SOU PLUS PORQUE AS IMAGENS  │
││            │    │ ││ ve                 │ VIERAM COM MARCA DÁGUA E NÃ...    │
││ 471370978… │ c… │ ││ Unknown/Unresponsi │ agent call Note from: 🐛 AWS      │
││            │    │ ││ ve                 │ widespread issue 10/20/25         │
││            │    │ ││                    │ #44151...                         │
││ 471370201… │ c… │ ││ Unknown/Unresponsi │ why doesnt my pro subscription    │
││            │    │ ││ ve                 │ work? Note from: 🐛 AWS widesp... │
││ 471370990… │ c… │ ││ Unknown/Unresponsi │ informacion sso Hi there, ​﻿ Thank  │
││            │    │ ││ ve                 │ you for reaching out to G...      │
││ 471371386… │ c… │ ││ Unknown/Unresponsi │ What is the call number of        │
││            │    │ ││ ve                 │ customer support? Hi there, We    │
││            │    │ ││                    │ do...                             │
││ 471371827… │ c… │ ││ Unknown/Unresponsi │ Suporte Hi there, ​﻿ Thank you for  │
││            │    │ ││ ve                 │ reaching out to Gamma Sup...      │
││ 471375467… │ c… │ ││ Unknown/Unresponsi │ Can I have a real person please   │
││            │    │ ││ ve                 │ Hi there, ​﻿ Thank you for r...     │
││ 471371375… │ c… │ ││ Partnerships       │ Добрый вечер! Как можно получить  │
││            │    │ ││                    │ реферальную ссылку? Hi, Тат...    │
││ 471362908… │ c… │ ││ Billing            │ Hi Gamma Support Team, I hope     │
││            │    │ ││                    │ you’re doing well. I recently ... │
││ 471371248… │ c… │ ││ Billing            │ 결제 취소 cancel a payment –––    │
││            │    │ ││                    │ Translated by Lokalise Messages​   │
││            │    │ ││                    │ ...                               │
││ 471367262… │ c… │ ││ Workspace          │ how do i download sites           │
││            │    │ ││                    │ individual gammas how do i        │
││            │    │ ││                    │ download ...                      │
││ 471369609… │ c… │ ││ Billing            │ hi i made the wrong subscription  │
││            │    │ ││                    │ To manage your billing info...    │
││ 471371003… │ c… │ ││ Billing            │ i would like a refund to the paid │
││            │    │ ││                    │ plan as I wanted to sgn up...     │
││ 471372421… │ c… │ ││ Billing            │ quiero darme de baja de gamma, y  │
││            │    │ ││                    │ quiero el reembolso de esta...    │
││ 471367323… │ c… │ ││ Billing            │ Dear Sir, Kindly advise me, as I  │
││            │    │ ││                    │ was initially requested to ...    │
││ 471372146… │ c… │ ││ Billing            │ I was charged twice for my        │
││            │    │ ││                    │ subscription due to a lapse in    │
││            │    │ ││                    │ in...                             │
││ 471370677… │ c… │ ││ Billing            │ Hi,Please, I need to cancel my    │
││            │    │ ││                    │ subscription Awesome I need t...  │
││ 471372945… │ c… │ ││ Product Question   │ How do I change a background used │
││            │    │ ││                    │ in a presentation? Hey the...     │
││ 471371543… │ c… │ ││ Account            │ Bonjour, Comment supprimé mon     │
││            │    │ ││                    │ compte svp ? Hi, Senia! We are... │
││ 471366894… │ c… │ ││ Billing            │ Я хотел бы узнать дату и время    │
││            │    │ ││                    │ моей подписки. Почему меня сн...  │
││ 471366937… │ c… │ ││ Billing            │ I have paid the yearly fee which  │
││            │    │ ││                    │ is $216 I can see it in my ...    │
││ 471368209… │ c… │ ││ -                  │ The presentation when exported    │
││            │    │ ││                    │ has issues as the words turn ...  │
││ 471372252… │ c… │ ││ Billing            │ Volevo fare una sottoscrizione    │
││            │    │ ││                    │ mensile a plus, per sbaglio n...  │
││ 471375500… │ c… │ ││ Billing            │ Please cancel my subscription and │
││            │    │ ││                    │ refund this please Craig M...     │
││ 471374555… │ c… │ ││ Billing            │ bonjour, j'ai fait un abonnement  │
││            │    │ ││                    │ annuel et je veux le rendre...    │
││ 471372275… │ c… │ ││ Billing            │ How to open a workspace and be    │
││            │    │ ││                    │ the manager of it? Hey there!...  │
││ 471363781… │ c… │ ││ Billing            │ Quero reembolso I want a refund   │
││            │    │ ││                    │ ––– Translated by Lokalise M...   │
││ 471370426… │ c… │ ││ -                  │ 스마트폰용 앱도 있어? is there an │
││            │    │ ││                    │ app for smartphones? –––          │
││            │    │ ││                    │ Translated...                     │
││ 471371745… │ c… │ ││ -                  │ je viens d'effacer par erreur     │
││            │    │ ││                    │ toutes mes slides i just erase... │
││ 471366194… │ c… │ ││ -                  │ Hi there, You can update your     │
││            │    │ ││                    │ invoice information for future... │
││ 471366061… │ c… │ ││ -                  │ No sé cómo acceder a lo que me    │
││            │    │ ││                    │ indicas. ¿Puedo directamente ...  │
││ 471367825… │ c… │ ││ -                  │ how to export to ppt file To      │
││            │    │ ││                    │ export your Gamma to a            │
││            │    │ ││                    │ PowerPoi...                       │
││ 471368145… │ c… │ ││ -                  │ Hi Gamma.ai Team, I run a Polish  │
││            │    │ ││                    │ YouTube channel focused on ...    │
││ 471366333… │ c… │ ││ Billing            │ Hi Michael/Gamma,I am still       │
││            │    │ ││                    │ awaiting my refund, can you       │
││            │    │ ││                    │ plea...                           │
││ 471369207… │ c… │ ││ -                  │ iam trying to modify gamma using  │
││            │    │ ││                    │ a sample PPT , in Remix mod...    │
││ 471368227… │ c… │ ││ -                  │ I want to create a flyer i can    │
││            │    │ ││                    │ embed in an email You can cre...  │
││ 471368301… │ c… │ ││ -                  │ upgradelnék az inygenes           │
││            │    │ ││                    │ verzióról, de nem találom az      │
││            │    │ ││                    │ előfize...                        │
││ 471364732… │ c… │ ││ Bug                │ hi,i was logged in and made a     │
││            │    │ ││                    │ presentation but it disappeare... │
││ 471366497… │ c… │ ││ -                  │ Здравствуйте! не могу загрузить   │
││            │    │ ││                    │ фото в презентацию  Hello! I...   │
││ 471374979… │ c… │ ││ Billing            │ Dzień dobry, zapłaciłem 25$ za    │
││            │    │ ││                    │ wersję pro a mam wersję plus....  │
││ 471366096… │ c… │ ││ Account            │ Buongiorno, noi vogliamo fare il  │
││            │    │ ││                    │ login con una password dive...    │
││ 471370883… │ c… │ ││ Billing            │ Buenas tardes. Me puedo dar de    │
││            │    │ ││                    │ alta como empresa con un plan...  │
││ 471371715… │ c… │ ││ -                  │ Ho necessità di una fattura       │
││            │    │ ││                    │ dell'abbonamento intestata alla   │
││            │    │ ││                    │ ...                               │
││ 471375471… │ c… │ ││ Product Question   │ Existe um e-book ou vídeo que     │
││            │    │ ││                    │ ensine a operar esse aplicativ... │
││ 471379327… │ c… │ ││ Billing            │ reembolso plano mensal monthly    │
││            │    │ ││                    │ plan reimbursement ––– Transl...  │
││ 471371792… │ c… │ ││ Billing            │ If i change my pro plan (2 users) │
││            │    │ ││                    │ to a team plan for 5 seats...     │
││ 471373893… │ c… │ ││ Billing            │ гамма для вчителя чи є            │
││            │    │ ││                    │ безкоштовно? !lang uk <-> en Set  │
││            │    │ ││                    │ curr...                           │
││ 471372077… │ c… │ ││ Billing            │ Liebes Team, ich möchte mein Abo  │
││            │    │ ││                    │ kündigen. Leider habe ich f...    │
││ 471375248… │ c… │ ││ Billing            │ buenas tardes, quiero dar de baja │
││            │    │ ││                    │ mi suscripcion paga a gamm...     │
││ 471368037… │ c… │ ││ Billing            │ 月間プランに申し込みたかったのに  │
││            │    │ ││                    │ 、年間プランに申し込んでしまいま  │
││            │    │ ││                    │ した。月間プランに変更したいです  │
││            │    │ ││                    │ 。 年間プランから月間プ...        │
││ 471375245… │ c… │ ││ Billing            │ Hoy pague el plan Pro, pero la    │
││            │    │ ││                    │ aplicacion no se actualiza Se...  │
││ 471373835… │ c… │ ││ Billing            │ There is no cancel subscription   │
││            │    │ ││                    │ option available when I ente...   │
││ 471374105… │ c… │ ││ Billing            │ i am unabkle to cancel my         │
││            │    │ ││                    │ subscribtion Hi Dylan, Lianne     │
││            │    │ ││                    │ here...                           │
││ 471371358… │ c… │ ││ Product Question   │ koliko kreditov dobiš s plus      │
││            │    │ ││                    │ računom Set current               │
││            │    │ ││                    │ conversatio...                    │
││ 471364041… │ c… │ ││ Billing            │ 你好，我需要聯絡客服 Hello, I     │
││            │    │ ││                    │ need to contact customer service  │
││            │    │ ││                    │ ––– Tra...                        │
││ 471374909… │ c… │ ││ Product Question   │ laptopu kapatıcam ama sunumumun   │
││            │    │ ││                    │ kaybolmamasını veya silinmem...   │
││ 471377935… │ c… │ ││ Billing            │ CANCLED ORDER I understand you    │
││            │    │ ││                    │ want to cancel your order. If...  │
││ 471374791… │ c… │ ││ Product Question   │ здравствуйте, подскажите          │
││            │    │ ││                    │ пожалуйста как скачать            │
││            │    │ ││                    │ презентацию ...                   │
││ 471374751… │ c… │ ││ Billing            │ hello, is there any way that i    │
││            │    │ ││                    │ can get a discount on the mon...  │
││ 471374278… │ c… │ ││ Product Question   │ Is there a way to combine gammas  │
││            │    │ ││                    │ into a single deck Hello th...    │
││ 471371549… │ c… │ ││ Billing            │ Como hago para suscribirme al     │
││            │    │ ││                    │ plan mensual plus y no pagar e... │
││ 471374264… │ c… │ ││ Product Question   │ We would like to put our workbook │
││            │    │ ││                    │ on Amazon and that means m...     │
││ 471374107… │ c… │ ││ Billing            │ Do you have an educator's         │
││            │    │ ││                    │ discount? Hello there, Brandi!    │
││            │    │ ││                    │ Tha...                            │
││ 471372071… │ c… │ ││ Product Question   │ gamma uygulamasını nasıl          │
││            │    │ ││                    │ kullanacağım ile ilgili yardımcı  │
││            │    │ ││                    │ ol...                             │
││ 471375061… │ c… │ ││ Billing            │ request refund Hi there, Lianne   │
││            │    │ ││                    │ here!​﻿ I've taken care of c...     │
││ 471375069… │ c… │ ││ Billing            │ i want to cancel subscriptions Hi │
││            │    │ ││                    │ Vikash, Lianne here!​﻿﻿You...        │
││ 471370195… │ c… │ ││ Billing            │ מה קורה עם REFUND שלי? ! This is  │
││            │    │ ││                    │ Yerison. I'm happy to assis...    │
││ 471373661… │ c… │ ││ Billing            │ Qual o tipo da minha assinatura?  │
││            │    │ ││                    │ ! Hello there, Wanessa! Tha...    │
││ 471375511… │ c… │ ││ Billing            │ i wanna cancel my pro             │
││            │    │ ││                    │ subscription, i have bought it by │
││            │    │ ││                    │ mist...                           │
││ 471371664… │ c… │ ││ Billing            │ 안녕하세요, Gamma 고객센터        │
││            │    │ ││                    │ 담당자님. Gamma pro 서비스를      │
││            │    │ ││                    │ 구독하고 있는 박서현 입니다.      │
││            │    │ ││                    │ 다름이 ...                        │
││ 471376858… │ c… │ ││ Billing            │ Hello Gamma Team, We were able to │
││            │    │ ││                    │ locate the Gamma account o...     │
││ 471371285… │ c… │ ││ Billing            │ Hello, I accidentally purchased   │
││            │    │ ││                    │ the yearly Gamma Pro plan in...   │
││ 471371692… │ c… │ ││ Billing            │ Potřebuji zrušit předplatné. Set  │
││            │    │ ││                    │ current conversation langua...    │
││ 471372578… │ c… │ ││ Billing            │ hello unfortunately I bouht the   │
││            │    │ ││                    │ wrong subscription! I unders...   │
││ 471371694… │ c… │ ││ Product Question   │ chữ trong bài thuyết trình gama   │
││            │    │ ││                    │ tạo là quá nhỏ Set current c...   │
││ 471372492… │ c… │ ││ Billing            │ předplatila jsem si měsíční gamma │
││            │    │ ││                    │ plus. Jak pak bude možné p...     │
││ 471372132… │ c… │ ││ Billing            │ Hi The conversation language      │
││            │    │ ││                    │ could not be detected. In         │
││            │    │ ││                    │ order...                          │
││ 471377975… │ c… │ ││ Billing            │ 연간 결제로 잘못 선택해서 결제가  │
││            │    │ ││                    │ 되었어요. i mistakenly chose to   │
││            │    │ ││                    │ pay annually ...                  │
││ 471378091… │ c… │ ││ Billing            │ Je veux un remboursement I want a │
││            │    │ ││                    │ refund ––– Translated by L...     │
││ 471372025… │ c… │ ││ Billing            │ oi, quero cancelar minha          │
││            │    │ ││                    │ assinatura !lang pt <-> en Set    │
││            │    │ ││                    │ curr...                           │
││ 471378223… │ c… │ ││ Billing            │ Olá, solicito o cancelamento do   │
││            │    │ ││                    │ meu plano Pro (assinado em 1...   │
││ 471371152… │ c… │ ││ Billing            │ Hola me gustaría anular mi        │
││            │    │ ││                    │ suscripción y que se me           │
││            │    │ ││                    │ reintegre...                      │
││ 471372950… │ c… │ ││ Billing            │ Подпишитесь на платный тарифный   │
││            │    │ ││                    │ план Hey there! Angel here! ...   │
││ 471378700… │ c… │ ││ Billing            │ Hello, my monthly subscription    │
││            │    │ ││                    │ was renewed automatically by ...  │
││ 471372070… │ c… │ ││ Billing            │ 환불 요청 !Hi 하조하, ​ Thanks for │
││            │    │ ││                    │ reaching out to Gamma's           │
││            │    │ ││                    │ customer...                       │
││ 471378771… │ c… │ ││ Billing            │ agent Would you like me to        │
││            │    │ ││                    │ connect you with a human agent?   │
││            │    │ ││                    │ O...                              │
││ 471373068… │ c… │ ││ Billing            │ How do I cancel my subscription   │
││            │    │ ││                    │ before it renews? Hey there,...   │
││ 471369951… │ c… │ ││ Billing            │ Gostaria de cancelar a renovação  │
││            │    │ ││                    │ feita em 19.10.25. Motivo: ...    │
││ 471367078… │ c… │ ││ Billing            │ ご担当者様更新せずにキャンセルし  │
││            │    │ ││                    │ たはずが請求きました。返金お願い  │
││            │    │ ││                    │ いたします。宜しくお願い致します  │
││            │    │ ││                    │ 。Matsumoto i...                  │
││ 471366346… │ c… │ ││ Product Question   │ how do i change the default       │
││            │    │ ││                    │ colour of block quote bars        │
││            │    │ ││                    │ withi...                          │
││ 471372527… │ c… │ ││ Billing            │ Jeg vil kontakte support for      │
││            │    │ ││                    │ refund !lang no <-> en Set        │
││            │    │ ││                    │ curr...                           │
││ 471365147… │ c… │ ││ Billing            │ Hello, I’m unable to change the   │
││            │    │ ││                    │ billing details in the syste...   │
││ 471366149… │ c… │ ││ Billing            │ Hi ich bin seit einem knappen     │
││            │    │ ││                    │ Jahr auf dem Paid Plan für 10 ... │
││ 471372886… │ c… │ ││ Billing            │ Ho acquistato la versione PRO, ma │
││            │    │ ││                    │ il pagamento non e' andato...     │
││ 471370068… │ c… │ ││ Product Question   │ pouvons-nous créer un modèle      │
││            │    │ ││                    │ personnalisé pour avoir des       │
││            │    │ ││                    │ sli...                            │
││ 471375378… │ c… │ ││ Billing            │ I need to cancel my plan and get  │
││            │    │ ││                    │ a refund To manage your bil...    │
││ 471376047… │ c… │ ││ Billing            │ Requesting refund because of      │
││            │    │ ││                    │ fraudulent purchase I             │
││            │    │ ││                    │ understan...                      │
││ 471376571… │ c… │ ││ Billing            │ talk to himan human Just to       │
││            │    │ ││                    │ confirm, would you like me to     │
││            │    │ ││                    │ co...                             │
││ 471376635… │ c… │ ││ Billing            │ Hi Sir,To day is 20 Oct 2025I did │
││            │    │ ││                    │ not receive my refund yetB...     │
││ 471379320… │ c… │ ││ Billing            │ 자동 결제가 되었는데,             │
││            │    │ ││                    │ 환불요청하고 싶어요 i was         │
││            │    │ ││                    │ automatically charged, but I w... │
││ 471376905… │ c… │ ││ Billing            │ I requested a refund last week    │
││            │    │ ││                    │ and no one replied to me I un...  │
││ 471370209… │ c… │ ││ Product Question   │ как создавать презентации, с чего │
││            │    │ ││                    │ начать ! Hi there, you can...     │
││ 471377627… │ c… │ ││ Billing            │ hello Gamma I did not expect to   │
││            │    │ ││                    │ be billed. I did not want th...   │
││ 471366324… │ c… │ ││ Billing            │ Hello, I requested a refund on    │
││            │    │ ││                    │ September 23, but I haven’t r...  │
││ 471371080… │ c… │ ││ Product Question   │ preciso que todas as minhas       │
││            │    │ ││                    │ apresentações sai em um formato   │
││            │    │ ││                    │ ...                               │
││ 471371218… │ c… │ ││ Product Question   │ apakah desain di gamma dapat      │
││            │    │ ││                    │ untuk tugas mahasiswa? ! Hi       │
││            │    │ ││                    │ the...                            │
││ 471371244… │ c… │ ││ Billing            │ Hello Gamma Support Team,My name  │
││            │    │ ││                    │ is 무동 연, and I recently pur... │
││ 471371257… │ c… │ ││ Product Question   │ Hello, I’m having trouble         │
││            │    │ ││                    │ connecting a new domain to my     │
││            │    │ ││                    │ webs...                           │
││ 471371285… │ c… │ ││ Feature Request    │ Good morning How can I combinr 4  │
││            │    │ ││                    │ templates together Hi Brend...    │
││ 471373233… │ c… │ ││ Billing            │ I no longer need this             │
││            │    │ ││                    │ subscription. Can we cancel and   │
││            │    │ ││                    │ issue ...                         │
││ 471377690… │ c… │ ││ Billing            │ I want a refund Here is Gamma's   │
││            │    │ ││                    │ refund policy​​Annual PlanWi...     │
││ 471377868… │ c… │ ││ Billing            │ Quero falar com atendente humano  │
││            │    │ ││                    │ I want to speak to a human ...    │
││ 471377705… │ c… │ ││ Billing            │ Request for Subscription          │
││            │    │ ││                    │ Cancellation and £75 RefundDear   │
││            │    │ ││                    │ Gam...                            │
││ 471376230… │ c… │ ││ Billing            │ Quero pedir reembolso desse       │
││            │    │ ││                    │ plano, já fiz o Cancelamento e    │
││            │    │ ││                    │ q...                              │
││ 471377721… │ c… │ ││ Billing            │ Gostaria de pedir reembolso I'd   │
││            │    │ ││                    │ like a refund ––– Translated...   │
││ 471374104… │ c… │ ││ -                  │ I down loaded my ppt files.       │
││            │    │ ││                    │ Korean fonts are broken           │
││            │    │ ││                    │ although...                       │
││ 471376298… │ c… │ ││ Billing            │ Quero o reembolso da cobrança     │
││            │    │ ││                    │ feito no meu cartão no dia 14/... │
││ 471375151… │ c… │ ││ Billing            │ I need the Invoice for september  │
││            │    │ ││                    │ payment Hi, German!﻿​﻿ To m...       │
││ 471377726… │ c… │ ││ Billing            │ Dear Gamma Support Team, I would  │
││            │    │ ││                    │ like to cancel my subscript...    │
││ 471375569… │ c… │ ││ Product Question   │ Как переключить на русский язык?  │
││            │    │ ││                    │ Hi, Natalia!﻿​﻿ When you us...       │
││ 471371536… │ c… │ ││ Billing            │ Ciao, avrei bisogno di sapere     │
││            │    │ ││                    │ tutti i piani mensili e annual... │
││ 471371221… │ c… │ ││ Account            │ I need to change my email address │
││            │    │ ││                    │ on my account, how can I g...     │
││ 471371189… │ c… │ ││ Product Question   │ Sunum yapmama yardım et Hi,       │
││            │    │ ││                    │ Selver! You can generate a new    │
││            │    │ ││                    │ d...                              │
││ 471371164… │ c… │ ││ Account            │ voglio cancellare l'account Hi,   │
││            │    │ ││                    │ Produzione! We are sorry to ...   │
││ 471371113… │ c… │ ││ Product Question   │ How do I make a slide show Hi,    │
││            │    │ ││                    │ Robert! You can generate a ne...  │
││ 471371113… │ c… │ ││ Product Question   │ Est-ce possible de numéroter les  │
││            │    │ ││                    │ slides ? Hi there, ​﻿﻿If yo...       │
││ 471371102… │ c… │ ││ Billing            │ Is there a referral code or promo │
││            │    │ ││                    │ code I can share with a pr...     │
││ 471371086… │ c… │ ││ Product Question   │ hola, hay la posibilidad de       │
││            │    │ ││                    │ enlazar el sitio web con un       │
││            │    │ ││                    │ domi...                           │
││ 471370996… │ c… │ ││ Product Question   │ приветствую как создать           │
││            │    │ ││                    │ призентацию на десять слайдов?    │
││            │    │ ││                    │ куда ...                          │
││ 471370855… │ c… │ ││ Product Question   │ como eu posso salvar minha        │
││            │    │ ││                    │ apresentação via PDF? Hi, Anna!   │
││            │    │ ││                    │ T...                              │
││ 471370799… │ c… │ ││ Product Question   │ Hi, Sal. How do I merge two       │
││            │    │ ││                    │ presentations into one? Hey       │
││            │    │ ││                    │ ther...                           │
││ 471369974… │ c… │ ││ Account            │ how can i delete my account? Hi,  │
││            │    │ ││                    │ Sebastian! We are sorry to ...    │
││ 471369804… │ c… │ ││ Account            │ estou sem créditos Hi there,      │
││            │    │ ││                    │ ﻿​﻿﻿Gamma now offers the abilit...    │
││ 471377908… │ c… │ ││ Billing            │ Queria hacer la cancelacion del   │
││            │    │ ││                    │ servicio hoy en la mañana pe...   │
││ 471371274… │ c… │ ││ Billing            │ When I go to pay the $180 for the │
││            │    │ ││                    │ Pro version, it tells me t...     │
││ 471364493… │ c… │ ││ Billing            │ Saya pelanggan Gamma dengan akun  │
││            │    │ ││                    │ email: tominanto@udb.ac.id,...    │
││ 471376926… │ c… │ ││ Account            │ Bonjour. je suis ultra depuis la  │
││            │    │ ││                    │ semaine derniere. c'est sup...    │
││ 471377108… │ c… │ ││ Billing            │ I want to cancel my subscription  │
││            │    │ ││                    │ To manage your billing info...    │
││ 471374930… │ c… │ ││ Product Question   │ Thank you so much Here is Gamma's │
││            │    │ ││                    │ refund policy​​Annual Plan...       │
││ 471377873… │ c… │ ││ -                  │ Hi there, Thanks for reaching out │
││            │    │ ││                    │ to Gamma Customer Support....     │
││ 471374820… │ c… │ ││ Billing            │ Meu plano foi renovado            │
││            │    │ ││                    │ automaticamente, porém eu não     │
││            │    │ ││                    │ queria ...                        │
││ 471374877… │ c… │ ││ Billing            │ My subscription auto renewed      │
││            │    │ ││                    │ yesterday. I wanted to know       │
││            │    │ ││                    │ can...                            │
││ 471374947… │ c… │ ││ Billing            │ Bonjour, j'ai été débité 2x Je    │
││            │    │ ││                    │ comprends votre préoccupation...  │
││ 471373840… │ c… │ ││ Product Question   │ Is there any way to mark a        │
││            │    │ ││                    │ presentation or web site as a     │
││            │    │ ││                    │ fav...                            │
││ 471374828… │ c… │ ││ -                  │ Fiz o cancelamento do meu plano   │
││            │    │ ││                    │ porque assinei e me arrepend...   │
││ 471368703… │ c… │ ││ Billing            │ What is your customer service     │
││            │    │ ││                    │ support phone number. I still ... │
││ 471364656… │ c… │ ││ Billing            │ I actually do not plan to use     │
││            │    │ ││                    │ gamma. Can you Please cancel m... │
││ 471373851… │ c… │ ││ Product Question   │ What does Google Indexing mean    │
││            │    │ ││                    │ for my site? How to make your...  │
││ 471372873… │ c… │ ││ Billing            │ Quiero hablar con un agente I     │
││            │    │ ││                    │ want to speak to an agent ––– ... │
││ 471373104… │ c… │ ││ Billing            │ Boa tarde!! Fiz a compra do       │
││            │    │ ││                    │ pacote plus só que fiz a compra   │
││            │    │ ││                    │ ...                               │
││ 471370233… │ c… │ ││ Billing            │ Dear Gamma Support Team, On       │
││            │    │ ││                    │ October 19th, I received a        │
││            │    │ ││                    │ payme...                          │
││ 471369743… │ c… │ ││ Product Question   │ bom dia me chamo carlos gostaria  │
││            │    │ ││                    │ de sabe como podemos desenv...    │
││ 471374823… │ c… │ ││ Account            │ Hello! This is Gamma support. We  │
││            │    │ ││                    │ received a request to chang...    │
││ 471373590… │ c… │ ││ Billing            │ كيف يمكنني استرجاع اموالي اشتركت  │
││            │    │ ││                    │ بالغلط how can I get my mon...    │
││ 471366174… │ c… │ ││ Billing            │ Hi,I’m reaching out regarding a   │
││            │    │ ││                    │ charge of £144 that has just...   │
││ 471370859… │ c… │ ││ Billing            │ Hi Gamma Support,I need help      │
││            │    │ ││                    │ canceling a subscription tied     │
││            │    │ ││                    │ t...                              │
││ 471373871… │ c… │ ││ Billing            │ refund Here is Gamma's refund     │
││            │    │ ││                    │ policy​​Annual PlanWithin the ...   │
││ 471374983… │ c… │ ││ Partnerships       │ Hi Gamma, saw your launch on      │
││            │    │ ││                    │ Future Pedia, congrats on the     │
││            │    │ ││                    │ m...                              │
││ 471369408… │ c… │ ││ Billing            │ Hello Gamma Support Team, I’d     │
││            │    │ ││                    │ like to cancel my monthly subs... │
││ 471370378… │ c… │ ││ Product Question   │ Come posso esportare un progetto? │
││            │    │ ││                    │ How can I export a project...     │
││ 471369239… │ c… │ ││ Product Question   │ "Is it possible to merge offers   │
││            │    │ ││                    │ and combine them into one pr...   │
││ 471369545… │ c… │ ││ Product Question   │ Teqdimat niye az dilinde hazir    │
││            │    │ ││                    │ olmur !langaz <-> en ! Hello ...  │
││ 471369554… │ c… │ ││ Billing            │ Здравствуйте верните мне мои      │
││            │    │ ││                    │ деньги я отменяю подписку на      │
││            │    │ ││                    │ эт...                             │
││ 471368926… │ c… │ ││ -                  │ Hi,I would like to cancel my      │
││            │    │ ││                    │ subscription and return the       │
││            │    │ ││                    │ mon...                            │
││ 471369516… │ c… │ ││ Billing            │ 사용료 만료가되면 구독취소하려면  │
││            │    │ ││                    │ 어떻게 해야 하나요 !lang ko <->   │
││            │    │ ││                    │ en Set current con...             │
││ 471371871… │ c… │ ││ Billing            │ I've been getting charged on      │
││            │    │ ││                    │ gamma for a couple of months      │
││            │    │ ││                    │ no...                             │
││ 471369198… │ c… │ ││ Billing            │ Здравствуйте! Хочу отменить       │
││            │    │ ││                    │ подписку и вернуть деньги         │
││            │    │ ││                    │ Hello!...                         │
││ 471369352… │ c… │ ││ Billing            │ 환불하기 make a refund –––        │
││            │    │ ││                    │ Translated by Lokalise Messages​   │
││            │    │ ││                    │ This...                           │
││ 471367366… │ c… │ ││ Billing            │ Ich habe bei Ihnen die Pro        │
││            │    │ ││                    │ version gekauft Jahresabo und     │
││            │    │ ││                    │ bek...                            │
││ 471369059… │ c… │ ││ Privacy & Security │ do not sell my data Hello         │
││            │    │ ││                    │ Eduardo! This is Jetzely, thanks  │
││            │    │ ││                    │ f...                              │
││ 471368771… │ c… │ ││ Billing            │ Hello, I purchased the membership │
││            │    │ ││                    │ by mistake. I have an exis...     │
││ 471375483… │ c… │ ││ Billing            │ Buenas tardes Favor apoyarme ya   │
││            │    │ ││                    │ que esa facturación anual no...   │
││ 471368590… │ c… │ ││ Billing            │ 구독취소하고 싶어요 구독 취소는   │
││            │    │ ││                    │ 간단하게 할 수 있어요! 취소 방법: │
││            │    │ ││                    │ 왼쪽 패널에서 Settings & me...    │
││ 471368725… │ c… │ ││ Billing            │ I don't have the option to cancel │
││            │    │ ││                    │ my subscription in the bil...     │
││ 471374725… │ c… │ ││ Billing            │ Hi, I tried using the chat        │
││            │    │ ││                    │ function, but I’m not receiving   │
││            │    │ ││                    │ a...                              │
││ 471368245… │ c… │ ││ Billing            │ Am anulat subscripția care        │
││            │    │ ││                    │ trebuia de înoit azi și vreau     │
││            │    │ ││                    │ să-...                            │
││ 471375244… │ c… │ ││ Billing            │ 유료화를 중지하고 싶은데 어떻게   │
││            │    │ ││                    │ 해야 하나요? 청구를 클릭했는데    │
││            │    │ ││                    │ 활성화가 안되어서 이렇게          │
││            │    │ ││                    │ 남깁니다. !lan...                 │
││ 471367651… │ c… │ ││ Billing            │ I would like to stop auto renewal │
││            │    │ ││                    │ To manage your billing inf...     │
└┴────────────┴────┴─┴┴────────────────────┴───────────────────────────────────┘

================================================================================
🔍 TOPIC HIERARCHY & DOUBLE-COUNTING DEBUG
Detecting if conversations are being assigned to multiple topics
================================================================================

Double-Counting Detection:
  Single topic: 899 (89.9%) ✅ No double-counting
  Multi-topic: 100 (10.0%) ⚠️  Double-counted!
  No topic: 1 (0.1%) ❌ Unclassified

⚠️  10 Conversations Assigned to Multiple Topics:
These conversations are counted multiple times in topic distribution

ID: ...471360844815
  Topics: Abuse, Account, Workspace, Privacy, Product Question, Partnerships, 
Feedback, Billing, Agent/Buddy (9 topics)
  Methods: keyword, keyword, keyword, keyword, keyword, keyword, keyword, 
keyword, keyword
  Text: How do you protect my companies IP We protect your company's 
intellectual property through several key measures: Data Protection by Plan 
Type: Team an...

ID: ...471358435751
  Topics: Workspace, Account, Product Question, Promotions, Billing, Bug (6 
topics)
  Methods: hybrid, keyword, keyword, keyword, keyword, keyword
  Text: user email orly.traubici@shift4.com, activated but still show up in 
Pending invitations please help This happens sometimes when invitations get 
stuck....

ID: ...471358795136
  Topics: Product Question, Account, Chargeback, Promotions, Workspace, Privacy 
(6 topics)
  Methods: keyword, keyword, keyword, keyword, keyword, keyword
  Text: Do you have mobile app for android We don't currently offer a standalone
mobile app for Android or iOS. However, you can still use Gamma on your Andro...

ID: ...471355825612
  Topics: Bug, Account, Product Question, Billing, Agent/Buddy, Feedback (6 
topics)
  Methods: keyword, keyword, keyword, keyword, keyword, keyword
  Text: 我剛剛做完的PＰＴ在那裡找? Where can I find the PPT I just finished? –––
Translated by Lokalise Messages​ This conversation language is Chinese 
(Traditional). Cre...

ID: ...471362730998
  Topics: Product Question, Bug (2 topics)
  Methods: keyword, keyword
  Text: Boa noite. tenho como anexar um arquivo e solicitar novo layout a partir
dele? Good evening. Can I attach a file and request a new layout from it? –––...


Hierarchical Structure in custom_attributes:
Shows Billing > Refund > Given type nested attributes

ID: ...471357019909
  Reason for contact: Billing
  Billing: Refund
  Account: Signing in
  Refund: Given 
  (All keys: Has attachments, Imported via standalone, Auto-translated, Fin AI 
Agent: Preview, Copilot used...)

ID: ...471362499925
  Reason for contact: Workspace
  Bug: Export
  (All keys: Has attachments, Imported via standalone, Auto-translated, Fin AI 
Agent: Preview, Copilot used...)

ID: ...471356026736
  Reason for contact: Billing
  Billing: Payment unsuccessful
  (All keys: Has attachments, Imported via standalone, Auto-translated, Fin AI 
Agent: Preview, Copilot used...)

ID: ...471355475566
  Reason for contact: Account
  Billing: Subscription 
  Account: Update email address (paid)
  (All keys: Has attachments, Imported via standalone, Auto-translated, Fin AI 
Agent: Preview, Copilot used...)

ID: ...471360897380
  Reason for contact: Billing
  Billing: Refund
  Refund: Denied
  (All keys: Has attachments, Imported via standalone, Auto-translated, Fin AI 
Agent: Preview, Copilot used...)


Current Topic Distribution:
  Billing: 489 (48.9%) - llm_smart
  Product Question: 254 (25.4%) - llm_smart
  Unknown: 68 (6.8%) - llm_smart
  Bug: 67 (6.7%) - llm_smart
  Account: 51 (5.1%) - llm_smart
  Workspace: 40 (4.0%) - llm_smart
  Promotions: 9 (0.9%) - llm_smart
  Privacy: 7 (0.7%) - llm_smart
  Abuse: 4 (0.4%) - keyword
  Chargeback: 4 (0.4%) - llm_smart


================================================================================
📝 ULTRA-DETAILED CONVERSATION SAMPLES (First 20)
Showing ALL raw Intercom data for debugging
================================================================================


================================================================================
CONVERSATION #1: 215471356786328
================================================================================

📋 TOP-LEVEL FIELDS (ALL):
  id: 215471356786328
  type: conversation
  created_at: 2025-10-19 08:52:38+00:00 (2025-10-19 08:52:38+00:00)
  updated_at: 2025-11-18 02:34:09+00:00 (2025-11-18 02:34:09+00:00)
  state: closed
  priority: not_priority
  read: True
  waiting_since: (none)
  snoozed_until: (none)
  open: False
  admin_assignee_id: 8698963
  team_assignee_id: 7711311
  title: Fwd: Hoi Gamma, Ik heb mijn website merkpodium.nl getest met Google 
Page...

🤖 AI AGENT DATA:
  ai_agent_participated: True
  ai_agent object: EXISTS
    source_type: workflow
    source_title: Fin Over Email
    last_answer_type: ai_answer
    resolution_state: routed_to_team
    content_sources: {'type': 'content_source.list', 'total_count': 2, 
'content_sources': [{'content_type': 'article', 'url': 
'/fin-ai-agent/content?content=article&id=11840477', 'title': 'How can I contact
Gamma support or provide feedback?', 'locale': 'en'}, {'content_type': 
'article', 'url': '/fin-ai-agent/content?content=article&id=11888683', 'title': 
'What does Google Indexing mean for my site?', 'locale': 'en'}]}

🏷️  CUSTOM ATTRIBUTES:
  Has attachments: True
  Imported via standalone: False
  Auto-translated: False
  Fin AI Agent: Preview: False
  Copilot used: False
  Language: Dutch
  Fin AI Agent resolution state: Routed to team
  Reason for contact: Product Question
  Product Question: Sites
  CX Score rating: 2
  CX Score explanation: The customer reported a product issue with their favicon
not showing in Google and engaged with the AI Agent and teammate, who escalated 
the problem to engineering but did not provide a confirmed resolution. The 
customer showed some frustration and had to clarify their issue multiple times.

🔖 TAGS:
  (empty)

📑 TOPICS:
  - website gamma (type: topic)

👤 ASSIGNEE:
  (none)

💬 CONVERSATION PARTS:
  Total parts: 77

  Part 1:
    Type: bot
    Name: Support Sal
    Email: operator+ihnzqaok@intercom.io
    ID: 5643511
    Created: 2025-10-19 08:52:38 (1760863958)
    Body: ...

  Part 2:
    Type: bot
    Name: Support Sal
    Email: operator+ihnzqaok@intercom.io
    ID: 5643511
    Created: 2025-10-19 08:52:39 (1760863959)
    Body: ...

  Part 3:
    Type: bot
    Name: Support Sal
    Email: operator+ihnzqaok@intercom.io
    ID: 5643511
    Created: 2025-10-19 08:52:39 (1760863959)
    Body: ...

  Part 4:
    Type: bot
    Name: Support Sal
    Email: operator+ihnzqaok@intercom.io
    ID: 5643511
    Created: 2025-10-19 08:52:41 (1760863961)
    Body: <p>Good morning, unfortunately I haven't had any more response. Can 
you handle my mail? Regards Linda<br>​</p>
<p>Sent from my iPhone<br>Beginning of ...

  Part 5:
    Type: bot
    Name: Support Sal
    Email: operator+ihnzqaok@intercom.io
    ID: 5643511
    Created: 2025-10-19 08:52:44 (1760863964)
    Body: ...

  ... and 72 more parts

📊 STATISTICS:
  type: conversation_statistics
  time_to_assignment: 1
  time_to_admin_reply: 2610
  time_to_first_close: 328659
  time_to_last_close: 328659
  median_time_to_reply: 2319
  first_contact_reply_at: 1760863958
  first_assignment_at: 1760863959
  first_admin_reply_at: 1760866568
  first_close_at: 1761192797
  last_assignment_at: 1760864064
  last_assignment_admin_reply_at: 1760866568
  last_contact_reply_at: 1761158465
  last_admin_reply_at: 1761192776
  last_close_at: 1761192797
  last_closed_by_id: 8698963
  count_reopens: 0
  count_assignments: 3
  count_conversation_parts: 78
  assigned_team_first_response_time: [{'team_id': 7711311, 'team_name': 'Paid 
Support', 'response_time': 2505.0}]
  assigned_team_first_response_time_in_office_hours: [{'team_id': 7711311, 
'team_name': 'Paid Support', 'response_time': 2505}]
  handling_time: 124018

⭐ CONVERSATION RATING:
  created_at: 1761279201
  contact: {'type': 'contact', 'id': '68249c65e8efe20918f26deb', 'external_id': 
'9o7ocsz1afncgx6'}
  teammate: {'type': 'admin', 'id': '8698963'}
  updated_at: 1761279201

👥 CONTACTS:
  Contact 1:
    ID: 68249c65e8efe20918f26deb
    Email: lindavervloet1@gmail.com
    Role: user
    Custom Attributes: ['article_id', 'jobFunction', 'stripe_account_balance', 
'stripe_card_brand', 'stripe_card_expires_at']

📨 SOURCE MESSAGE:
  Type: email
  ID: 3210884545
  Author Type: user
  Author ID: 68249c65e8efe20918f26deb
  Body: <p>Goedemorgen, ik heb helaas geen reactie meer gehad. Kunnen jullie 
mijn mail in behandeling nemen? Groet Linda</p><br><div dir="ltr">Verstuurd 
vanaf...

📝 EXTRACTED TEXT:
  Length: 11082 chars
  First 300 chars: Goedemorgen, ik heb helaas geen reactie meer gehad. Kunnen 
jullie mijn mail in behandeling nemen? Groet LindaVerstuurd vanaf mijn iPhone 
Begin doorgestuurd bericht: Van: Linda Vervloet <lindavervloet1@gmail.com>Datum:
4 oktober 2025 om 13:40:55 CESTAan: Jose from Gamma 
<support@gamma.app>Onderwerp: ...

🔍 KEYWORD DETECTION TEST (Word Boundaries):
  ✅ Billing: ['billing', 'subscription']
  ✅ Account: ['email']
  ✅ Product Question: ['can i', 'question']
  ✅ Workspace: ['team']

🔑 ALL RAW KEYS IN CONVERSATION OBJECT:
  admin_assignee_id, ai_agent, ai_agent_participated, contacts, 
conversation_parts, conversation_rating, created_at, custom_attributes, 
first_contact_reply, id, linked_objects, open, priority, read, sla_applied, 
source, state, statistics, tags, team_assignee_id, teammates, title, topics, 
type, updated_at



================================================================================
CONVERSATION #2: 215471360827106
================================================================================

📋 TOP-LEVEL FIELDS (ALL):
  id: 215471360827106
  type: conversation
  created_at: 2025-10-19 17:53:50+00:00 (2025-10-19 17:53:50+00:00)
  updated_at: 2025-11-16 12:47:20+00:00 (2025-11-16 12:47:20+00:00)
  state: closed
  priority: not_priority
  read: True
  waiting_since: 2025-10-19 17:53:50 (1760896430)
  snoozed_until: (none)
  open: False
  admin_assignee_id: 5643511

🤖 AI AGENT DATA:
  ai_agent_participated: True
  ai_agent object: EXISTS
    source_type: workflow
    source_title: Fin Over Messenger
    last_answer_type: ai_answer
    resolution_state: assumed_resolution
    rating: 1
    rating_remark: Não obtive resposta
    content_sources: {'type': 'content_source.list', 'total_count': 2, 
'content_sources': [{'content_type': 'article', 'url': 
'/fin-ai-agent/content?content=article&id=7959568', 'title': 'What’s the easiest
way to export my Gamma?', 'locale': 'en'}, {'content_type': 'article', 'url': 
'/fin-ai-agent/content?content=article&id=8023289', 'title': 'Upgrading your 
Gamma subscription', 'locale': 'en'}]}
    created_at: 1760897282
    updated_at: 1763297240

🏷️  CUSTOM ATTRIBUTES:
  Has attachments: False
  Imported via standalone: False
  Auto-translated: False
  Fin AI Agent: Preview: False
  Copilot used: False
  Language: Brazilian Portuguese
  Fin AI Agent resolution state: Assumed Resolution

🔖 TAGS:
  (empty)

📑 TOPICS:
  (empty)

👤 ASSIGNEE:
  (none)

💬 CONVERSATION PARTS:
  Total parts: 14

  Part 1:
    Type: bot
    Name: Support Sal
    Email: operator+ihnzqaok@intercom.io
    ID: 5643511
    Created: 2025-10-19 17:53:50 (1760896430)
    Body: ...

  Part 2:
    Type: bot
    Name: Support Sal
    Email: operator+ihnzqaok@intercom.io
    ID: 5643511
    Created: 2025-10-19 17:53:50 (1760896430)
    Body: ...

  Part 3:
    Type: bot
    Name: Support Sal
    Email: operator+ihnzqaok@intercom.io
    ID: 5643511
    Created: 2025-10-19 17:53:53 (1760896433)
    Body: <p>I renewed my subscription, but it's not available. I can't access 
it. I can only access Gamma FREE</p>
<p><i>––– Translated by <a href="https://lok...

  Part 4:
    Type: bot
    Name: Support Sal
    Email: operator+ihnzqaok@intercom.io
    ID: 5643511
    Created: 2025-10-19 17:53:54 (1760896434)
    Body: ...

  Part 5:
    Type: bot
    Name: Support Sal
    Email: operator+ihnzqaok@intercom.io
    ID: 5643511
    Created: 2025-10-19 17:54:02 (1760896442)
    Body: <p>Se você renovou sua assinatura mas ainda tem acesso apenas ao plano
gratuito, isso pode indicar um problema com o pagamento. Verifique se sua 
assin...

  ... and 9 more parts

📊 STATISTICS:
  type: conversation_statistics
  time_to_assignment: 0
  time_to_first_close: 852
  time_to_last_close: 852
  first_contact_reply_at: 1760896430
  first_assignment_at: 1760896430
  first_close_at: 1760897282
  last_assignment_at: 1760896430
  last_contact_reply_at: 1760896430
  last_close_at: 1760897282
  last_closed_by_id: 5643511
  count_reopens: 0
  count_assignments: 1
  count_conversation_parts: 15
  assigned_team_first_response_time: []
  assigned_team_first_response_time_in_office_hours: []
  handling_time: 0

⭐ CONVERSATION RATING:
  rating: 1
  remark: Não obtive resposta
  created_at: 1760897282
  contact: {'type': 'contact', 'id': '668ec7b3c6730635891dbea5', 'external_id': 
'j5ru9zl1bxx82pv'}
  teammate: {'type': 'bot', 'id': '5643511'}
  updated_at: 1763297240

👥 CONTACTS:
  Contact 1:
    ID: 668ec7b3c6730635891dbea5
    Email: mvraguiar08@gmail.com
    Role: user
    Custom Attributes: ['Stripe Subscriptions', 'Stripe Payments', 'Stripe 
Customer', 'article_id', 'jobFunction']

📨 SOURCE MESSAGE:
  Type: conversation
  ID: 3211487850
  Author Type: user
  Author ID: 668ec7b3c6730635891dbea5
  Body: <p>Renovei minha assinatura, mas não está disponível. Não consigo o 
acesso. Somente acesso no Gamma FREE</p>...

📝 EXTRACTED TEXT:
  Length: 1295 chars
  First 300 chars: Renovei minha assinatura, mas não está disponível. Não 
consigo o acesso. Somente acesso no Gamma FREE I renewed my subscription, but 
it's not available. I can't access it. I can only access Gamma FREE ––– 
Translated by Lokalise Messages​ This conversation language is Portuguese. Create
a note starti...

🔍 KEYWORD DETECTION TEST (Word Boundaries):
  ✅ Billing: ['subscription']

🔑 ALL RAW KEYS IN CONVERSATION OBJECT:
  admin_assignee_id, ai_agent, ai_agent_participated, contacts, 
conversation_parts, conversation_rating, created_at, custom_attributes, 
first_contact_reply, id, linked_objects, open, priority, read, source, state, 
statistics, tags, teammates, topics, type, updated_at, waiting_since



================================================================================
CONVERSATION #3: 215471356849213
================================================================================

📋 TOP-LEVEL FIELDS (ALL):
  id: 215471356849213
  type: conversation
  created_at: 2025-10-19 09:05:36+00:00 (2025-10-19 09:05:36+00:00)
  updated_at: 2025-11-10 04:22:57+00:00 (2025-11-10 04:22:57+00:00)
  state: closed
  priority: not_priority
  read: True
  waiting_since: 2025-10-19 09:05:37 (1760864737)
  snoozed_until: (none)
  open: False
  admin_assignee_id: 5643511

🤖 AI AGENT DATA:
  ai_agent_participated: True
  ai_agent object: EXISTS
    source_type: workflow
    source_title: Fin Over Messenger
    last_answer_type: ai_answer
    resolution_state: assumed_resolution
    rating: 3
    content_sources: {'type': 'content_source.list', 'total_count': 7, 
'content_sources': [{'content_type': 'article', 'url': 
'/fin-ai-agent/content?content=article&id=8023289', 'title': 'Upgrading your 
Gamma subscription', 'locale': 'en'}, {'content_type': 'article', 'url': 
'/fin-ai-agent/content?content=article&id=8623422', 'title': 'How do I manage or
cancel my Gamma subscription?', 'locale': 'en'}, {'content_type': 'article', 
'url': '/fin-ai-agent/content?content=article&id=11889139', 'title': 'Is there a
one-month subscription option available?', 'locale': 'en'}, {'content_type': 
'article', 'url': '/fin-ai-agent/content?content=article&id=11889589', 'title': 
'What is Gamma’s refund policy and how do I request a refund?', 'locale': 'en'},
{'content_type': 'content_snippet', 'url': 
'/fin-ai-agent/content?content=content_snippet&id=121824', 'title': 'Cancel 
subscription', 'locale': 'en'}, {'content_type': 'content_snippet', 'url': 
'/fin-ai-agent/content?content=content_snippet&id=240997', 'title': 'Why did I 
get charged twice for the monthly sub...', 'locale': 'en'}, {'content_type': 
'content_snippet', 'url': 
'/fin-ai-agent/content?content=content_snippet&id=252530', 'title': 'How can I 
know if a refund is going to be issued?', 'locale': 'en'}]}
    created_at: 1760866158
    updated_at: 1762748577

🏷️  CUSTOM ATTRIBUTES:
  Has attachments: False
  Imported via standalone: False
  Auto-translated: False
  Fin AI Agent: Preview: False
  Copilot used: False
  Language: Korean
  Fin AI Agent resolution state: Assumed Resolution
  CX Score rating: 5
  CX Score explanation: The customer sought help with subscription cancellation 
and refund policies, receiving clear and helpful guidance from the AI Agent, 
leading to assumed resolution of their issues.

🔖 TAGS:
  (empty)

📑 TOPICS:
  (empty)

👤 ASSIGNEE:
  (none)

💬 CONVERSATION PARTS:
  Total parts: 30

  Part 1:
    Type: bot
    Name: Support Sal
    Email: operator+ihnzqaok@intercom.io
    ID: 5643511
    Created: 2025-10-19 09:05:36 (1760864736)
    Body: ...

  Part 2:
    Type: bot
    Name: Support Sal
    Email: operator+ihnzqaok@intercom.io
    ID: 5643511
    Created: 2025-10-19 09:05:37 (1760864737)
    Body: ...

  Part 3:
    Type: bot
    Name: Support Sal
    Email: operator+ihnzqaok@intercom.io
    ID: 5643511
    Created: 2025-10-19 09:05:37 (1760864737)
    Body: ...

  Part 4:
    Type: bot
    Name: Support Sal
    Email: operator+ihnzqaok@intercom.io
    ID: 5643511
    Created: 2025-10-19 09:05:39 (1760864739)
    Body: <p>i want to cancel a payment</p>
<p><i>––– Translated by <a 
href="https://lokalise.com/product/support-ticket-translation" rel="nofollow 
noopener nor...

  Part 5:
    Type: bot
    Name: Support Sal
    Email: operator+ihnzqaok@intercom.io
    ID: 5643511
    Created: 2025-10-19 09:05:40 (1760864740)
    Body: ...

  ... and 25 more parts

📊 STATISTICS:
  type: conversation_statistics
  time_to_assignment: 1
  time_to_first_close: 1422
  time_to_last_close: 1422
  first_contact_reply_at: 1760864736
  first_assignment_at: 1760864737
  first_close_at: 1760866158
  last_assignment_at: 1760864737
  last_contact_reply_at: 1760865307
  last_close_at: 1760866158
  last_closed_by_id: 5643511
  count_reopens: 0
  count_assignments: 1
  count_conversation_parts: 31
  assigned_team_first_response_time: []
  assigned_team_first_response_time_in_office_hours: []
  handling_time: 0

⭐ CONVERSATION RATING:
  rating: 3
  created_at: 1760866158
  contact: {'type': 'contact', 'id': '67286c213b51527ea2afd721', 'external_id': 
'1tt9na3nvo4715w'}
  teammate: {'type': 'bot', 'id': '5643511'}
  updated_at: 1762748577

👥 CONTACTS:
  Contact 1:
    ID: 67286c213b51527ea2afd721
    Email: sinara23@hanmail.net
    Role: user
    Custom Attributes: ['Stripe Payments', 'Stripe Customer', 'jobFunction', 
'stripe_account_balance', 'stripe_card_brand']

📨 SOURCE MESSAGE:
  Type: conversation
  ID: 3210895422
  Author Type: user
  Author ID: 67286c213b51527ea2afd721
  Body: <p>결제취소를 하고 싶어요</p>...

📝 EXTRACTED TEXT:
  Length: 2718 chars
  First 300 chars: 결제취소를 하고 싶어요 i want to cancel a payment ––– 
Translated by Lokalise Messages​ This conversation language is Korean. Create a 
note starting with ! to respond in a customer's language or try !help 결제 
취소(구독 해지)는 아래 단계로 직접 진행하실 수 있습니다. Gamma 홈 화면에서 왼쪽 
상단의 드롭다운 메뉴에서 "Settings & members"를 선택하세요. "Billing" ...

🔍 KEYWORD DETECTION TEST (Word Boundaries):
  ✅ Billing: ['billing', 'refund', 'payment', 'subscription']
  ✅ Product Question: ['how do']

🔑 ALL RAW KEYS IN CONVERSATION OBJECT:
  admin_assignee_id, ai_agent, ai_agent_participated, contacts, 
conversation_parts, conversation_rating, created_at, custom_attributes, 
first_contact_reply, id, linked_objects, open, priority, read, sla_applied, 
source, state, statistics, tags, teammates, topics, type, updated_at, 
waiting_since



================================================================================
CONVERSATION #4: 215471357019909
================================================================================

📋 TOP-LEVEL FIELDS (ALL):
  id: 215471357019909
  type: conversation
  created_at: 2025-10-19 09:22:02+00:00 (2025-10-19 09:22:02+00:00)
  updated_at: 2025-11-09 16:30:32+00:00 (2025-11-09 16:30:32+00:00)
  state: closed
  priority: not_priority
  read: True
  waiting_since: (none)
  snoozed_until: (none)
  open: False
  admin_assignee_id: 8095738
  team_assignee_id: 7711311

🤖 AI AGENT DATA:
  ai_agent_participated: True
  ai_agent object: EXISTS
    source_type: workflow
    source_title: Fin From Negative Feedback on Help Center Article
    last_answer_type: ai_answer
    resolution_state: routed_to_team
    content_sources: {'type': 'content_source.list', 'total_count': 8, 
'content_sources': [{'content_type': 'article', 'url': 
'/fin-ai-agent/content?content=article&id=8623422', 'title': 'How do I manage or
cancel my Gamma subscription?', 'locale': 'en'}, {'content_type': 'article', 
'url': '/fin-ai-agent/content?content=article&id=11888960', 'title': 'How do 
free users update their email address?', 'locale': 'en'}, {'content_type': 
'article', 'url': '/fin-ai-agent/content?content=article&id=11889023', 'title': 
'How do I sign in to my Gamma account?', 'locale': 'en'}, {'content_type': 
'article', 'url': '/fin-ai-agent/content?content=article&id=11889035', 'title': 
'Can I use Google Authentication to log in?', 'locale': 'en'}, {'content_type': 
'article', 'url': '/fin-ai-agent/content?content=article&id=11889139', 'title': 
'Is there a one-month subscription option available?', 'locale': 'en'}, 
{'content_type': 'article', 'url': 
'/fin-ai-agent/content?content=article&id=11889589', 'title': 'What is Gamma’s 
refund policy and how do I request a refund?', 'locale': 'en'}, {'content_type':
'article', 'url': '/fin-ai-agent/content?content=article&id=13030286', 'title': 
'Can I switch from Google Auth to an email address and password?', 'locale': 
'en'}, {'content_type': 'content_snippet', 'url': 
'/fin-ai-agent/content?content=content_snippet&id=121824', 'title': 'Cancel 
subscription', 'locale': 'en'}]}

🏷️  CUSTOM ATTRIBUTES:
  Has attachments: False
  Imported via standalone: False
  Auto-translated: False
  Fin AI Agent: Preview: False
  Copilot used: False
  Language: English
  Fin AI Agent resolution state: Routed to team
  Reason for contact: Billing
  Billing: Refund
  Account: Signing in
  Signing in: Reset password
  Refund: Given 
  Given Reason: Reason unknown
  CX Score rating: 4
  CX Score explanation: The customer experienced frustration with automatic 
renewal charges and inability to reset their password due to lack of email 
access. The AI Agent directed the customer to a human teammate, who effectively 
handled subscription cancellation and refund but could not reset the password 
without email access.

🔖 TAGS:
  - Refund - Requests

📑 TOPICS:
  - google account (type: topic)
  - refund (type: topic)
  - reset password (type: topic)

👤 ASSIGNEE:
  (none)

💬 CONVERSATION PARTS:
  Total parts: 68

  Part 1:
    Type: bot
    Name: Support Sal
    Email: operator+ihnzqaok@intercom.io
    ID: 5643511
    Created: 2025-10-19 09:21:37 (1760865697)
    Body: <p>Sorry that didn't have the answer you needed</p>...

  Part 2:
    Type: bot
    Name: Support Sal
    Email: operator+ihnzqaok@intercom.io
    ID: 5643511
    Created: 2025-10-19 09:21:37 (1760865697)
    Body: <p>If you'd like, you can ask the team for help here.</p>...

  Part 3:
    Type: user
    Name: bassem dar
    Email: bassem.dar@gmail.com
    ID: 65fd77c09d684b402e032f3f
    Created: 2025-10-19 09:22:02 (1760865722)
    Body: <p>hello</p>...

  Part 4:
    Type: bot
    Name: Support Sal
    Email: operator+ihnzqaok@intercom.io
    ID: 5643511
    Created: 2025-10-19 09:22:03 (1760865723)
    Body: ...

  Part 5:
    Type: bot
    Name: Support Sal
    Email: operator+ihnzqaok@intercom.io
    ID: 5643511
    Created: 2025-10-19 09:22:03 (1760865723)
    Body: ...

  ... and 63 more parts

📊 STATISTICS:
  type: conversation_statistics
  time_to_assignment: 573
  time_to_admin_reply: 1483
  time_to_first_close: 5658
  time_to_last_close: 6152
  median_time_to_reply: 383
  first_contact_reply_at: 1760865722
  first_assignment_at: 1760866295
  first_admin_reply_at: 1760867205
  first_close_at: 1760871380
  last_assignment_at: 1760866295
  last_assignment_admin_reply_at: 1760867205
  last_contact_reply_at: 1760871778
  last_admin_reply_at: 1760871873
  last_close_at: 1760871874
  last_closed_by_id: 8095738
  count_reopens: 1
  count_assignments: 2
  count_conversation_parts: 69
  assigned_team_first_response_time: [{'team_id': 7711311, 'team_name': 'Paid 
Support', 'response_time': 910.0}]
  assigned_team_first_response_time_in_office_hours: [{'team_id': 7711311, 
'team_name': 'Paid Support', 'response_time': 910}]
  handling_time: 5181

⭐ CONVERSATION RATING:
  (no rating)

👥 CONTACTS:
  Contact 1:
    ID: 65fd77c09d684b402e032f3f
    Email: bassem.dar@gmail.com
    Role: user
    Custom Attributes: ['Stripe Subscriptions', 'Stripe Payments', 'article_id',
'jobFunction', 'stripe_account_balance']

📨 SOURCE MESSAGE:
  Type: conversation
  ID: 82649753
  Author Type: admin
  Author ID: 6985338
  Body: <a class="intercom-interblocks-link" data-link-type="educate.article" 
href="https://help.gamma.app/en/articles/11047974-can-i-use-google-authenticatio
...

📝 EXTRACTED TEXT:
  Length: 8982 chars
  First 300 chars: Can I use Google Authentication to log in? How to sign into 
Gamma with your Google account, or troubleshoot issues with Google login. Hilary
Dudek Sorry that didn't have the answer you needed If you'd like, you can ask 
the team for help here. hello Hello! How can I assist you today? If you still 
nee...

🔍 KEYWORD DETECTION TEST (Word Boundaries):
  ✅ Billing: ['billing', 'refund', 'subscription']
  ✅ Account: ['account', 'login', 'password', 'email']
  ✅ Product Question: ['how do', 'how to', 'can i']
  ✅ Workspace: ['team']

🔑 ALL RAW KEYS IN CONVERSATION OBJECT:
  admin_assignee_id, ai_agent, ai_agent_participated, contacts, 
conversation_parts, created_at, custom_attributes, first_contact_reply, id, 
linked_objects, open, priority, read, source, state, statistics, tags, 
team_assignee_id, teammates, topics, type, updated_at



================================================================================
CONVERSATION #5: 215471356185330
================================================================================

📋 TOP-LEVEL FIELDS (ALL):
  id: 215471356185330
  type: conversation
  created_at: 2025-10-19 07:14:08+00:00 (2025-10-19 07:14:08+00:00)
  updated_at: 2025-11-06 12:43:08+00:00 (2025-11-06 12:43:08+00:00)
  state: closed
  priority: not_priority
  read: True
  waiting_since: 2025-10-19 07:14:08 (1760858048)
  snoozed_until: (none)
  open: False
  admin_assignee_id: 5643511

🤖 AI AGENT DATA:
  ai_agent_participated: True
  ai_agent object: EXISTS
    source_type: workflow
    source_title: Fin Over Messenger
    last_answer_type: ai_answer
    resolution_state: assumed_resolution
    rating: 1
    rating_remark: no
    content_sources: {'type': 'content_source.list', 'total_count': 6, 
'content_sources': [{'content_type': 'article', 'url': 
'/fin-ai-agent/content?content=article&id=7721533', 'title': 'How do credits 
work in Gamma?', 'locale': 'en'}, {'content_type': 'article', 'url': 
'/fin-ai-agent/content?content=article&id=7799430', 'title': 'What’s the best 
way to add blocks and content in Gamma?', 'locale': 'en'}, {'content_type': 
'article', 'url': '/fin-ai-agent/content?content=article&id=11840402', 'title': 
'Where do I start when adding content in Gamma?', 'locale': 'en'}, 
{'content_type': 'article', 'url': 
'/fin-ai-agent/content?content=article&id=11859084', 'title': 'How do I add and 
edit images in Gamma?', 'locale': 'en'}, {'content_type': 'article', 'url': 
'/fin-ai-agent/content?content=article&id=11888036', 'title': 'How do I generate
images with AI in Gamma?', 'locale': 'en'}, {'content_type': 'article', 'url': 
'/fin-ai-agent/content?content=article&id=11889728', 'title': 'Why am I having 
trouble connecting to Gamma?', 'locale': 'en'}]}
    created_at: 1760859027
    updated_at: 1762432988

🏷️  CUSTOM ATTRIBUTES:
  Has attachments: False
  Imported via standalone: False
  Auto-translated: False
  Fin AI Agent: Preview: False
  Copilot used: False
  Language: Simplified Chinese
  Fin AI Agent resolution state: Assumed Resolution
  CX Score rating: 5
  CX Score explanation: The customer experienced an issue with automatic image 
insertion in PPT and sought help from the AI Agent, who provided detailed 
troubleshooting steps and clear guidance on checking AI points balance. The 
customer showed persistence in clarifying the points query.

🔖 TAGS:
  (empty)

📑 TOPICS:
  - ppt (type: topic)

👤 ASSIGNEE:
  (none)

💬 CONVERSATION PARTS:
  Total parts: 30

  Part 1:
    Type: bot
    Name: Support Sal
    Email: operator+ihnzqaok@intercom.io
    ID: 5643511
    Created: 2025-10-19 07:14:08 (1760858048)
    Body: ...

  Part 2:
    Type: bot
    Name: Support Sal
    Email: operator+ihnzqaok@intercom.io
    ID: 5643511
    Created: 2025-10-19 07:14:08 (1760858048)
    Body: ...

  Part 3:
    Type: bot
    Name: Support Sal
    Email: operator+ihnzqaok@intercom.io
    ID: 5643511
    Created: 2025-10-19 07:14:09 (1760858049)
    Body: ...

  Part 4:
    Type: bot
    Name: Support Sal
    Email: operator+ihnzqaok@intercom.io
    ID: 5643511
    Created: 2025-10-19 07:14:11 (1760858051)
    Body: <p>Automatically insert pictures in PPT</p>
<p><i>––– Translated by <a 
href="https://lokalise.com/product/support-ticket-translation" rel="nofollow 
no...

  Part 5:
    Type: bot
    Name: Support Sal
    Email: operator+ihnzqaok@intercom.io
    ID: 5643511
    Created: 2025-10-19 07:14:12 (1760858052)
    Body: ...

  ... and 25 more parts

📊 STATISTICS:
  type: conversation_statistics
  time_to_assignment: 0
  time_to_first_close: 979
  time_to_last_close: 979
  first_contact_reply_at: 1760858048
  first_assignment_at: 1760858048
  first_close_at: 1760859027
  last_assignment_at: 1760858048
  last_contact_reply_at: 1760858177
  last_close_at: 1760859027
  last_closed_by_id: 5643511
  count_reopens: 0
  count_assignments: 1
  count_conversation_parts: 31
  assigned_team_first_response_time: []
  assigned_team_first_response_time_in_office_hours: []
  handling_time: 0

⭐ CONVERSATION RATING:
  rating: 1
  remark: no
  created_at: 1760859027
  contact: {'type': 'contact', 'id': '68e87fac0452376c74de8a08', 'external_id': 
'w3cyabeeog79g5l'}
  teammate: {'type': 'bot', 'id': '5643511'}
  updated_at: 1762432988

👥 CONTACTS:
  Contact 1:
    ID: 68e87fac0452376c74de8a08
    Email: gfebaqhz@ncps.cc
    Role: user
    Custom Attributes: ['Stripe Customer', 'article_id', 'jobFunction', 
'stripe_account_balance', 'stripe_card_brand']

📨 SOURCE MESSAGE:
  Type: conversation
  ID: 3210804490
  Author Type: user
  Author ID: 68e87fac0452376c74de8a08
  Body: <p>PPT中自动插入图片</p>...

📝 EXTRACTED TEXT:
  Length: 1668 chars
  First 300 chars: PPT中自动插入图片 Automatically insert pictures in PPT ––– 
Translated by Lokalise Messages​ This conversation language is Chinese 
(Simplified). Create a note starting with ! to respond in a customer's language 
or try !help 在Gamma中，您可以通过多种方式自动插入图片： AI生成图片 
方法1：使用斜杠命令 点击卡片 输入 /ai 并按回车 输入您想要的图片描述 
点击生成创建AI图片 方法...

🔍 KEYWORD DETECTION TEST (Word Boundaries):
  ✅ Bug: ['error']
  ✅ Product Question: ['how do', 'how to']

🔑 ALL RAW KEYS IN CONVERSATION OBJECT:
  admin_assignee_id, ai_agent, ai_agent_participated, contacts, 
conversation_parts, conversation_rating, created_at, custom_attributes, 
first_contact_reply, id, linked_objects, open, priority, read, sla_applied, 
source, state, statistics, tags, teammates, topics, type, updated_at, 
waiting_since



================================================================================
CONVERSATION #6: 215471360844815
================================================================================

📋 TOP-LEVEL FIELDS (ALL):
  id: 215471360844815
  type: conversation
  created_at: 2025-10-19 17:57:20+00:00 (2025-10-19 17:57:20+00:00)
  updated_at: 2025-11-03 13:11:13+00:00 (2025-11-03 13:11:13+00:00)
  state: closed
  priority: not_priority
  read: False
  waiting_since: 2025-10-19 17:57:20 (1760896640)
  snoozed_until: (none)
  open: False
  admin_assignee_id: 5643511

🤖 AI AGENT DATA:
  ai_agent_participated: True
  ai_agent object: EXISTS
    source_type: workflow
    source_title: Fin Over Messenger
    last_answer_type: ai_answer
    resolution_state: assumed_resolution
    content_sources: {'type': 'content_source.list', 'total_count': 5, 
'content_sources': [{'content_type': 'article', 'url': 
'/fin-ai-agent/content?content=article&id=11888105', 'title': 'How do 
collaboration and sharing settings work in Gamma?', 'locale': 'en'}, 
{'content_type': 'article', 'url': 
'/fin-ai-agent/content?content=article&id=11888988', 'title': 'How can I add 
users to my workspace?', 'locale': 'en'}, {'content_type': 'article', 'url': 
'/fin-ai-agent/content?content=article&id=11889639', 'title': 'How does Gamma 
protect my data and privacy?', 'locale': 'en'}, {'content_type': 'article', 
'url': '/fin-ai-agent/content?content=article&id=11889648', 'title': 'DMCA & 
Copyright Protection -  What You Need to Know', 'locale': 'en'}, 
{'content_type': 'article', 'url': 
'/fin-ai-agent/content?content=article&id=13644089', 'title': 'Does Gamma use my
content to improve its AI features?', 'locale': 'en'}]}
    created_at: 1760897661
    updated_at: 1760897661

🏷️  CUSTOM ATTRIBUTES:
  Has attachments: False
  Imported via standalone: False
  Auto-translated: False
  Fin AI Agent: Preview: False
  Copilot used: False
  Language: English
  Fin AI Agent resolution state: Assumed Resolution
  CX Score rating: 5
  CX Score explanation: The customer inquired about protection of company IP and
data privacy. The AI Agent provided thorough, clear explanations that resolved 
the customer's concerns without escalation.

🔖 TAGS:
  (empty)

📑 TOPICS:
  (empty)

👤 ASSIGNEE:
  (none)

💬 CONVERSATION PARTS:
  Total parts: 20

  Part 1:
    Type: bot
    Name: Support Sal
    Email: operator+ihnzqaok@intercom.io
    ID: 5643511
    Created: 2025-10-19 17:57:20 (1760896640)
    Body: ...

  Part 2:
    Type: bot
    Name: Support Sal
    Email: operator+ihnzqaok@intercom.io
    ID: 5643511
    Created: 2025-10-19 17:57:20 (1760896640)
    Body: ...

  Part 3:
    Type: bot
    Name: Support Sal
    Email: operator+ihnzqaok@intercom.io
    ID: 5643511
    Created: 2025-10-19 17:57:21 (1760896641)
    Body: ...

  Part 4:
    Type: bot
    Name: Support Sal
    Email: operator+ihnzqaok@intercom.io
    ID: 5643511
    Created: 2025-10-19 17:57:24 (1760896644)
    Body: ...

  Part 5:
    Type: bot
    Name: Support Sal
    Email: operator+ihnzqaok@intercom.io
    ID: 5643511
    Created: 2025-10-19 17:57:33 (1760896653)
    Body: <p>We protect your company's intellectual property through several key
measures:</p>
<p><b>Data Protection by Plan Type:</b></p>
<ul>
<li>
<b>Team and...

  ... and 15 more parts

📊 STATISTICS:
  type: conversation_statistics
  time_to_assignment: 0
  time_to_first_close: 1021
  time_to_last_close: 1021
  first_contact_reply_at: 1760896640
  first_assignment_at: 1760896640
  first_close_at: 1760897661
  last_assignment_at: 1760896640
  last_contact_reply_at: 1760896810
  last_close_at: 1760897661
  last_closed_by_id: 5643511
  count_reopens: 0
  count_assignments: 1
  count_conversation_parts: 21
  assigned_team_first_response_time: []
  assigned_team_first_response_time_in_office_hours: []
  handling_time: 0

⭐ CONVERSATION RATING:
  created_at: 1760897661
  contact: {'type': 'contact', 'id': '68f59df392522a5757d609e1', 'external_id': 
'eynlhi8ernhyj8h'}
  teammate: {'type': 'bot', 'id': '5643511'}
  updated_at: 1760897661

👥 CONTACTS:
  Contact 1:
    ID: 68f59df392522a5757d609e1
    Email: lukeecrane@gmail.com
    Role: user
    Custom Attributes: ['article_id', 'jobFunction', 'stripe_account_balance', 
'stripe_card_brand', 'stripe_card_expires_at']

📨 SOURCE MESSAGE:
  Type: conversation
  ID: 3211491967
  Author Type: user
  Author ID: 68f59df392522a5757d609e1
  Body: <p>How do you protect my companies IP</p>...

📝 EXTRACTED TEXT:
  Length: 3621 chars
  First 300 chars: How do you protect my companies IP We protect your company's 
intellectual property through several key measures: Data Protection by Plan 
Type: Team and Business workspaces: Your content is automatically excluded from 
being used to train or improve our AI features - this setting is locked and 
cannot ...

🔍 KEYWORD DETECTION TEST (Word Boundaries):
  ✅ Account: ['account', 'password']
  ✅ Product Question: ['how do', 'can i']
  ✅ Workspace: ['workspace', 'team']

🔑 ALL RAW KEYS IN CONVERSATION OBJECT:
  admin_assignee_id, ai_agent, ai_agent_participated, contacts, 
conversation_parts, conversation_rating, created_at, custom_attributes, 
first_contact_reply, id, linked_objects, open, priority, read, source, state, 
statistics, tags, teammates, topics, type, updated_at, waiting_since



================================================================================
CONVERSATION #7: 215471362499925
================================================================================

📋 TOP-LEVEL FIELDS (ALL):
  id: 215471362499925
  type: conversation
  created_at: 2025-10-19 22:35:21+00:00 (2025-10-19 22:35:21+00:00)
  updated_at: 2025-11-01 15:03:17+00:00 (2025-11-01 15:03:17+00:00)
  state: closed
  priority: not_priority
  read: True
  waiting_since: (none)
  snoozed_until: (none)
  open: False
  admin_assignee_id: 8826983
  team_assignee_id: 7711311

🤖 AI AGENT DATA:
  ai_agent_participated: True
  ai_agent object: EXISTS
    source_type: workflow
    source_title: Fin Over Messenger
    last_answer_type: ai_answer
    resolution_state: routed_to_team
    content_sources: {'type': 'content_source.list', 'total_count': 1, 
'content_sources': [{'content_type': 'article', 'url': 
'/fin-ai-agent/content?content=article&id=7959568', 'title': 'What’s the easiest
way to export my Gamma?', 'locale': 'en'}]}

🏷️  CUSTOM ATTRIBUTES:
  Has attachments: True
  Imported via standalone: False
  Auto-translated: False
  Fin AI Agent: Preview: False
  Copilot used: False
  Language: English
  Fin AI Agent resolution state: Routed to team
  Reason for contact: Workspace
  Bug: Export
  CX Score rating: 4
  CX Score explanation: The customer experienced a product issue with icon 
exports to Google Slides, engaged in a high-effort conversation with the AI 
Agent and teammate, and received a high-quality resolution from the teammate 
after escalation.
  Workspace: Manage members

🔖 TAGS:
  (empty)

📑 TOPICS:
  - export ppt (type: topic)
  - export pdf (type: topic)
  - powerpoint (type: topic)
  - edit presentation (type: topic)
  - ppt (type: topic)
  - slides (type: topic)

👤 ASSIGNEE:
  (none)

💬 CONVERSATION PARTS:
  Total parts: 90

  Part 1:
    Type: bot
    Name: Support Sal
    Email: operator+ihnzqaok@intercom.io
    ID: 5643511
    Created: 2025-10-19 22:35:21 (1760913321)
    Body: ...

  Part 2:
    Type: bot
    Name: Support Sal
    Email: operator+ihnzqaok@intercom.io
    ID: 5643511
    Created: 2025-10-19 22:35:21 (1760913321)
    Body: ...

  Part 3:
    Type: bot
    Name: Support Sal
    Email: operator+ihnzqaok@intercom.io
    ID: 5643511
    Created: 2025-10-19 22:35:22 (1760913322)
    Body: ...

  Part 4:
    Type: bot
    Name: Support Sal
    Email: operator+ihnzqaok@intercom.io
    ID: 5643511
    Created: 2025-10-19 22:35:25 (1760913325)
    Body: ...

  Part 5:
    Type: bot
    Name: Support Sal
    Email: operator+ihnzqaok@intercom.io
    ID: 5643511
    Created: 2025-10-19 22:35:35 (1760913335)
    Body: <p>When you export from Gamma to PowerPoint and then upload to Google 
Slides, some visual elements may not transfer correctly due to format 
compatibil...

  ... and 85 more parts

📊 STATISTICS:
  type: conversation_statistics
  time_to_assignment: 0
  time_to_admin_reply: 12766
  time_to_first_close: 12835
  time_to_last_close: 965364
  median_time_to_reply: 1061
  first_contact_reply_at: 1760913321
  first_assignment_at: 1760913321
  first_admin_reply_at: 1760926087
  first_close_at: 1760926156
  last_assignment_at: 1760917788
  last_assignment_admin_reply_at: 1760926087
  last_contact_reply_at: 1761705708
  last_admin_reply_at: 1761792760
  last_close_at: 1761879345
  last_closed_by_id: 8826983
  count_reopens: 2
  count_assignments: 3
  count_conversation_parts: 91
  assigned_team_first_response_time: [{'team_id': 7711311, 'team_name': 'Paid 
Support', 'response_time': 12711.0}]
  assigned_team_first_response_time_in_office_hours: [{'team_id': 7711311, 
'team_name': 'Paid Support', 'response_time': 12711}]
  handling_time: 108478

⭐ CONVERSATION RATING:
  created_at: 1761104494
  contact: {'type': 'contact', 'id': '685af0797cc942db8ba0a521', 'external_id': 
'q0sggp2aa3z922g'}
  teammate: {'type': 'admin', 'id': '8826983'}
  updated_at: 1761104494

👥 CONTACTS:
  Contact 1:
    ID: 685af0797cc942db8ba0a521
    Email: kim@mtm.now
    Role: user
    Custom Attributes: ['article_id', 'jobFunction', 'stripe_account_balance', 
'stripe_card_brand', 'stripe_card_expires_at']

📨 SOURCE MESSAGE:
  Type: conversation
  ID: 3211792411
  Author Type: user
  Author ID: 685af0797cc942db8ba0a521
  Body: <p>I am losing my icon images in Google slides - they show in 
Powerpoint, but not in Google sldies.</p>...

📝 EXTRACTED TEXT:
  Length: 11021 chars
  First 300 chars: I am losing my icon images in Google slides - they show in 
Powerpoint, but not in Google sldies. When you export from Gamma to PowerPoint 
and then upload to Google Slides, some visual elements may not transfer 
correctly due to format compatibility differences. To troubleshoot: Export as 
PowerPoint f...

🔍 KEYWORD DETECTION TEST (Word Boundaries):
  ✅ Billing: ['billing']
  ✅ Account: ['account', 'email']
  ✅ Bug: ['bug']
  ✅ Product Question: ['can i', 'question']
  ✅ Workspace: ['workspace', 'team', 'member']

🔑 ALL RAW KEYS IN CONVERSATION OBJECT:
  admin_assignee_id, ai_agent, ai_agent_participated, contacts, 
conversation_parts, conversation_rating, created_at, custom_attributes, 
first_contact_reply, id, linked_objects, open, priority, read, sla_applied, 
source, state, statistics, tags, team_assignee_id, teammates, topics, type, 
updated_at



================================================================================
CONVERSATION #8: 215471356026736
================================================================================

📋 TOP-LEVEL FIELDS (ALL):
  id: 215471356026736
  type: conversation
  created_at: 2025-10-19 06:33:02+00:00 (2025-10-19 06:33:02+00:00)
  updated_at: 2025-10-30 12:35:35+00:00 (2025-10-30 12:35:35+00:00)
  state: closed
  priority: not_priority
  read: True
  waiting_since: (none)
  snoozed_until: (none)
  open: False
  admin_assignee_id: 8365619
  team_assignee_id: 7711311

🤖 AI AGENT DATA:
  ai_agent_participated: True
  ai_agent object: EXISTS
    source_type: workflow
    source_title: Fin Over Messenger
    last_answer_type: ai_answer
    resolution_state: routed_to_team
    content_sources: {'type': 'content_source.list', 'total_count': 7, 
'content_sources': [{'content_type': 'article', 'url': 
'/fin-ai-agent/content?content=article&id=7959568', 'title': 'What’s the easiest
way to export my Gamma?', 'locale': 'en'}, {'content_type': 'article', 'url': 
'/fin-ai-agent/content?content=article&id=8023289', 'title': 'Upgrading your 
Gamma subscription', 'locale': 'en'}, {'content_type': 'article', 'url': 
'/fin-ai-agent/content?content=article&id=8623422', 'title': 'How do I manage or
cancel my Gamma subscription?', 'locale': 'en'}, {'content_type': 'article', 
'url': '/fin-ai-agent/content?content=article&id=11889502', 'title': 'How do I 
find or update my invoice for my Gamma purchase?', 'locale': 'en'}, 
{'content_type': 'article', 'url': 
'/fin-ai-agent/content?content=article&id=12618872', 'title': 'What options does
Gamma offer for teams and business?', 'locale': 'en'}, {'content_type': 
'content_snippet', 'url': 
'/fin-ai-agent/content?content=content_snippet&id=121824', 'title': 'Cancel 
subscription', 'locale': 'en'}, {'content_type': 'content_snippet', 'url': 
'/fin-ai-agent/content?content=content_snippet&id=1824445', 'title': 'Add or 
Update Tax ID/ VAT Number on Invoice', 'locale': 'en'}]}

🏷️  CUSTOM ATTRIBUTES:
  Has attachments: True
  Imported via standalone: False
  Auto-translated: False
  Fin AI Agent: Preview: False
  Copilot used: False
  Language: English
  Fin AI Agent resolution state: Routed to team
  Reason for contact: Billing
  Billing: Payment unsuccessful
  CX Score rating: 1
  CX Score explanation: The customer experienced frustration due to the Gamma 
app showing a free account despite payment and missing subscription management 
features. The AI Agent provided detailed but ineffective help, and the 
teammate's repeated insistence on payment failure without resolution increased 
customer dissatisfaction.

🔖 TAGS:
  (empty)

📑 TOPICS:
  - credits (type: topic)

👤 ASSIGNEE:
  (none)

💬 CONVERSATION PARTS:
  Total parts: 77

  Part 1:
    Type: bot
    Name: Support Sal
    Email: operator+ihnzqaok@intercom.io
    ID: 5643511
    Created: 2025-10-19 06:33:02 (1760855582)
    Body: ...

  Part 2:
    Type: bot
    Name: Support Sal
    Email: operator+ihnzqaok@intercom.io
    ID: 5643511
    Created: 2025-10-19 06:33:02 (1760855582)
    Body: ...

  Part 3:
    Type: bot
    Name: Support Sal
    Email: operator+ihnzqaok@intercom.io
    ID: 5643511
    Created: 2025-10-19 06:33:03 (1760855583)
    Body: ...

  Part 4:
    Type: bot
    Name: Support Sal
    Email: operator+ihnzqaok@intercom.io
    ID: 5643511
    Created: 2025-10-19 06:33:06 (1760855586)
    Body: ...

  Part 5:
    Type: bot
    Name: Support Sal
    Email: operator+ihnzqaok@intercom.io
    ID: 5643511
    Created: 2025-10-19 06:33:12 (1760855592)
    Body: <p>If your Gamma app still shows a free account after paying for a 
recurring subscription, it could be due to a payment issue. Sometimes, if a 
payment...

  ... and 72 more parts

📊 STATISTICS:
  type: conversation_statistics
  time_to_assignment: 0
  time_to_admin_reply: 644
  time_to_first_close: 1558
  time_to_last_close: 878869
  median_time_to_reply: 46
  first_contact_reply_at: 1760855582
  first_assignment_at: 1760855582
  first_admin_reply_at: 1760856226
  first_close_at: 1760857194
  last_assignment_at: 1761735109
  last_assignment_admin_reply_at: 1760856226
  last_contact_reply_at: 1760857126
  last_admin_reply_at: 1760857193
  last_close_at: 1761735111
  last_closed_by_id: 7932593
  count_reopens: 1
  count_assignments: 5
  count_conversation_parts: 78
  assigned_team_first_response_time: [{'team_id': 7711311, 'team_name': 'Paid 
Support', 'response_time': 147.0}]
  assigned_team_first_response_time_in_office_hours: [{'team_id': 7711311, 
'team_name': 'Paid Support', 'response_time': 147}]
  handling_time: 2974

⭐ CONVERSATION RATING:
  rating: 1
  created_at: 1760943597
  contact: {'type': 'contact', 'id': '68a6b6ab584a84759e7e2efd', 'external_id': 
'vj7m0ndn9m41mf4'}
  teammate: {'type': 'admin', 'id': '8365619'}
  updated_at: 1760985740

👥 CONTACTS:
  Contact 1:
    ID: 68a6b6ab584a84759e7e2efd
    Email: anilbr73@yahoo.com
    Role: user
    Custom Attributes: ['jobFunction', 'stripe_account_balance', 
'stripe_card_brand', 'stripe_card_expires_at', 'stripe_deleted']

📨 SOURCE MESSAGE:
  Type: conversation
  ID: 3210774200
  Author Type: user
  Author ID: 68a6b6ab584a84759e7e2efd
  Body: <p>I have paid the recurring subscription of 500INR but the gamma app 
shows as free account</p>...

📝 EXTRACTED TEXT:
  Length: 9327 chars
  First 300 chars: I have paid the recurring subscription of 500INR but the 
gamma app shows as free account If your Gamma app still shows a free account 
after paying for a recurring subscription, it could be due to a payment issue. 
Sometimes, if a payment is declined or not processed successfully, your 
subscription wi...

🔍 KEYWORD DETECTION TEST (Word Boundaries):
  ✅ Billing: ['billing', 'invoice', 'payment', 'subscription']
  ✅ Account: ['account', 'login']
  ✅ Bug: ['error']
  ✅ Product Question: ['how do', 'question']
  ✅ Workspace: ['workspace', 'team']

🔑 ALL RAW KEYS IN CONVERSATION OBJECT:
  admin_assignee_id, ai_agent, ai_agent_participated, contacts, 
conversation_parts, conversation_rating, created_at, custom_attributes, 
first_contact_reply, id, linked_objects, open, priority, read, sla_applied, 
source, state, statistics, tags, team_assignee_id, teammates, topics, type, 
updated_at



================================================================================
CONVERSATION #9: 215471355475566
================================================================================

📋 TOP-LEVEL FIELDS (ALL):
  id: 215471355475566
  type: conversation
  created_at: 2025-10-19 03:30:09+00:00 (2025-10-19 03:30:09+00:00)
  updated_at: 2025-10-28 16:40:16+00:00 (2025-10-28 16:40:16+00:00)
  state: closed
  priority: not_priority
  read: True
  waiting_since: (none)
  snoozed_until: (none)
  open: False
  admin_assignee_id: 7559708
  team_assignee_id: 7711600

🤖 AI AGENT DATA:
  ai_agent_participated: True
  ai_agent object: EXISTS
    source_type: workflow
    source_title: Fin Over Messenger
    last_answer_type: ai_answer
    resolution_state: routed_to_team
    content_sources: {'type': 'content_source.list', 'total_count': 2, 
'content_sources': [{'content_type': 'article', 'url': 
'/fin-ai-agent/content?content=article&id=11888948', 'title': 'How do paid users
update their email address?', 'locale': 'en'}, {'content_type': 
'content_snippet', 'url': 
'/fin-ai-agent/content?content=content_snippet&id=2599910', 'title': 'What will 
happen to my existing gammas if I cancel my account to switch my email 
address?', 'locale': 'en'}]}

🏷️  CUSTOM ATTRIBUTES:
  Has attachments: False
  Imported via standalone: False
  Auto-translated: False
  Fin AI Agent: Preview: False
  Copilot used: False
  Language: English
  Fin AI Agent resolution state: Routed to team
  Reason for contact: Account
  Billing: Subscription 
  Account: Update email address (paid)
  Subscription: Manage
  CX Score rating: 2
  CX Score explanation: The customer was frustrated by the company's policy 
preventing direct transfer of a Pro subscription between accounts and had to 
engage multiple times with the AI Agent and teammates over several days without 
clear resolution.

🔖 TAGS:
  (empty)

📑 TOPICS:
  - domain (type: topic)
  - copy cards (type: topic)
  - refund (type: topic)
  - notes (type: topic)
  - change email (type: topic)

👤 ASSIGNEE:
  (none)

💬 CONVERSATION PARTS:
  Total parts: 46

  Part 1:
    Type: bot
    Name: Support Sal
    Email: operator+ihnzqaok@intercom.io
    ID: 5643511
    Created: 2025-10-19 03:30:09 (1760844609)
    Body: ...

  Part 2:
    Type: bot
    Name: Support Sal
    Email: operator+ihnzqaok@intercom.io
    ID: 5643511
    Created: 2025-10-19 03:30:10 (1760844610)
    Body: ...

  Part 3:
    Type: bot
    Name: Support Sal
    Email: operator+ihnzqaok@intercom.io
    ID: 5643511
    Created: 2025-10-19 03:30:13 (1760844613)
    Body: ...

  Part 4:
    Type: bot
    Name: Support Sal
    Email: operator+ihnzqaok@intercom.io
    ID: 5643511
    Created: 2025-10-19 03:30:33 (1760844633)
    Body: <p>We can't directly transfer your Pro subscription between accounts, 
but here's how to switch it to <a href="mailto:shaunwon.ai@gmail.com" 
rel="nofol...

  Part 5:
    Type: bot
    Name: Support Sal
    Email: operator+ihnzqaok@intercom.io
    ID: 5643511
    Created: 2025-10-19 03:30:33 (1760844633)
    Body: <p>Is that what you were looking for?</p>...

  ... and 41 more parts

📊 STATISTICS:
  type: conversation_statistics
  time_to_assignment: 0
  time_to_admin_reply: 251
  time_to_first_close: 738064
  time_to_last_close: 738064
  median_time_to_reply: 1136
  first_contact_reply_at: 1760844609
  first_assignment_at: 1760844609
  first_admin_reply_at: 1760844860
  first_close_at: 1761583213
  last_assignment_at: 1760990735
  last_assignment_admin_reply_at: 1760990735
  last_contact_reply_at: 1761165924
  last_admin_reply_at: 1761583204
  last_close_at: 1761583213
  last_closed_by_id: 7559708
  count_reopens: 0
  count_assignments: 5
  count_conversation_parts: 47
  assigned_team_first_response_time: [{'team_id': 7711311, 'team_name': 'Paid 
Support', 'response_time': 109.0}, {'team_id': 7711600, 'team_name': 'Technical 
Support', 'response_time': 145875.0}]
  assigned_team_first_response_time_in_office_hours: [{'team_id': 7711311, 
'team_name': 'Paid Support', 'response_time': 109}, {'team_id': 7711600, 
'team_name': 'Technical Support', 'response_time': 145755}]
  handling_time: 25372

⭐ CONVERSATION RATING:
  created_at: 1761669616
  contact: {'type': 'contact', 'id': '6630244204f74b3499db1b46', 'external_id': 
'lcciu5433et3kjn'}
  teammate: {'type': 'admin', 'id': '7559708'}
  updated_at: 1761669616

👥 CONTACTS:
  Contact 1:
    ID: 6630244204f74b3499db1b46
    Email: nashauni.ponton@gmail.com
    Role: user
    Custom Attributes: ['article_id', 'jobFunction', 'stripe_account_balance', 
'stripe_card_brand', 'stripe_card_expires_at']

📨 SOURCE MESSAGE:
  Type: conversation
  ID: 3210649633
  Author Type: user
  Author ID: 6630244204f74b3499db1b46
  Body: <p>I connected pro to the wrong account. can you please connect it to <a
href="mailto:shaunwon.ai@gmail.com" rel="nofollow" target="_blank" class="int...

📝 EXTRACTED TEXT:
  Length: 7122 chars
  First 300 chars: I connected pro to the wrong account. can you please connect 
it to shaunwon.ai@gmail.com We can't directly transfer your Pro subscription 
between accounts, but here's how to switch it to shaunwon.ai@gmail.com: First, 
you'll need to contact our support team (that's us!) to cancel your current 
subscri...

🔍 KEYWORD DETECTION TEST (Word Boundaries):
  ✅ Billing: ['billing', 'refund', 'subscription']
  ✅ Account: ['account', 'email']
  ✅ Product Question: ['how do', 'how to']
  ✅ Workspace: ['workspace', 'team', 'member', 'invite']

🔑 ALL RAW KEYS IN CONVERSATION OBJECT:
  admin_assignee_id, ai_agent, ai_agent_participated, contacts, 
conversation_parts, conversation_rating, created_at, custom_attributes, 
first_contact_reply, id, linked_objects, open, priority, read, source, state, 
statistics, tags, team_assignee_id, teammates, topics, type, updated_at



================================================================================
CONVERSATION #10: 215471360897380
================================================================================

📋 TOP-LEVEL FIELDS (ALL):
  id: 215471360897380
  type: conversation
  created_at: 2025-10-19 18:04:17+00:00 (2025-10-19 18:04:17+00:00)
  updated_at: 2025-10-28 14:48:02+00:00 (2025-10-28 14:48:02+00:00)
  state: closed
  priority: not_priority
  read: True
  waiting_since: (none)
  snoozed_until: (none)
  open: False
  admin_assignee_id: 9109336
  team_assignee_id: 7711311
  title: Re: $25.00 payment to Gamma was unsuccessful again

🤖 AI AGENT DATA:
  ai_agent_participated: True
  ai_agent object: EXISTS
    source_type: workflow
    source_title: Fin Over Email
    last_answer_type: ai_answer
    resolution_state: routed_to_team
    content_sources: {'type': 'content_source.list', 'total_count': 6, 
'content_sources': [{'content_type': 'article', 'url': 
'/fin-ai-agent/content?content=article&id=11889340', 'title': 'What does 
per-member billing mean in Gamma?', 'locale': 'en'}, {'content_type': 'article',
'url': '/fin-ai-agent/content?content=article&id=11889502', 'title': 'How do I 
find or update my invoice for my Gamma purchase?', 'locale': 'en'}, 
{'content_type': 'article', 'url': 
'/fin-ai-agent/content?content=article&id=11889589', 'title': 'What is Gamma’s 
refund policy and how do I request a refund?', 'locale': 'en'}, {'content_type':
'article', 'url': '/fin-ai-agent/content?content=article&id=12618872', 'title': 
'What options does Gamma offer for teams and business?', 'locale': 'en'}, 
{'content_type': 'content_snippet', 'url': 
'/fin-ai-agent/content?content=content_snippet&id=240997', 'title': 'Why did I 
get charged twice for the monthly sub...', 'locale': 'en'}, {'content_type': 
'content_snippet', 'url': 
'/fin-ai-agent/content?content=content_snippet&id=252530', 'title': 'How can I 
know if a refund is going to be issued?', 'locale': 'en'}]}

🏷️  CUSTOM ATTRIBUTES:
  Has attachments: False
  Imported via standalone: False
  Auto-translated: False
  Fin AI Agent: Preview: False
  Copilot used: False
  Language: English
  Fin AI Agent resolution state: Routed to team
  Reason for contact: Billing
  Billing: Refund
  Refund: Denied
  CX Score rating: 2
  CX Score explanation: The customer experienced strong frustration over 
perceived double billing and engaged in a high-effort journey involving multiple
clarifications and requests for human assistance. The AI Agent and teammate 
provided explanations but did not resolve the billing dispute.

🔖 TAGS:
  - Refund - Requests

📑 TOPICS:
  - domain (type: topic)
  - website gamma (type: topic)
  - download presentation (type: topic)
  - invoices (type: topic)
  - notes (type: topic)

👤 ASSIGNEE:
  (none)

💬 CONVERSATION PARTS:
  Total parts: 72

  Part 1:
    Type: bot
    Name: Support Sal
    Email: operator+ihnzqaok@intercom.io
    ID: 5643511
    Created: 2025-10-19 18:04:17 (1760897057)
    Body: ...

  Part 2:
    Type: bot
    Name: Support Sal
    Email: operator+ihnzqaok@intercom.io
    ID: 5643511
    Created: 2025-10-19 18:04:18 (1760897058)
    Body: ...

  Part 3:
    Type: bot
    Name: Support Sal
    Email: operator+ihnzqaok@intercom.io
    ID: 5643511
    Created: 2025-10-19 18:04:18 (1760897058)
    Body: ...

  Part 4:
    Type: bot
    Name: Support Sal
    Email: operator+ihnzqaok@intercom.io
    ID: 5643511
    Created: 2025-10-19 18:04:23 (1760897063)
    Body: ...

  Part 5:
    Type: bot
    Name: Support Sal
    Email: operator+ihnzqaok@intercom.io
    ID: 5643511
    Created: 2025-10-19 18:04:53 (1760897093)
    Body: ...

  ... and 67 more parts

📊 STATISTICS:
  type: conversation_statistics
  time_to_assignment: 1
  time_to_admin_reply: 58153
  time_to_first_close: 7236
  time_to_last_close: 678941
  median_time_to_reply: 17319
  first_contact_reply_at: 1760897057
  first_assignment_at: 1760897058
  first_admin_reply_at: 1760955270
  first_close_at: 1760904293
  last_assignment_at: 1761341087
  last_assignment_admin_reply_at: 1761343649
  last_contact_reply_at: 1761435715
  last_admin_reply_at: 1761576465
  last_close_at: 1761576478
  last_closed_by_id: 9109336
  count_reopens: 4
  count_assignments: 14
  count_conversation_parts: 73
  assigned_team_first_response_time: [{'team_id': 7711311, 'team_name': 'Paid 
Support', 'response_time': 11547.0}]
  assigned_team_first_response_time_in_office_hours: [{'team_id': 7711311, 
'team_name': 'Paid Support', 'response_time': 11547}]
  handling_time: 229591

⭐ CONVERSATION RATING:
  rating: 1
  remark: Your system is broken! I understand you use Ai but where is your human
accountability and check in? As a business coach I rate your system with an F.
  created_at: 1761430055
  contact: {'type': 'contact', 'id': '68cafd2f73288d78c3afb5bd', 'external_id': 
'27lnd342cm307dw'}
  teammate: {'type': 'admin', 'id': '9109336'}
  updated_at: 1761482935

👥 CONTACTS:
  Contact 1:
    ID: 68cafd2f73288d78c3afb5bd
    Email: vowtlcoaching@gmail.com
    Role: user
    Custom Attributes: ['jobFunction', 'stripe_account_balance', 
'stripe_card_brand', 'stripe_card_expires_at', 'stripe_deleted']

📨 SOURCE MESSAGE:
  Type: email
  ID: 3211500922
  Author Type: user
  Author ID: 68cafd2f73288d78c3afb5bd
  Body: <p>I already made a payment and I am wondering what this payment is for.
</p><div>Here is a copy of my automatic payment.</div><div><br></div><div><im...

📝 EXTRACTED TEXT:
  Length: 11765 chars
  First 300 chars: I already made a payment and I am wondering what this payment
is for. Here is a copy of my automatic payment. Dr. Jennifer Hi Jennifer, The 
$25.00 charge likely relates to per-member billing in your workspace. Our team 
subscriptions charge for each user who accepts an invite to the workspace. If 
you...

🔍 KEYWORD DETECTION TEST (Word Boundaries):
  ✅ Billing: ['billing', 'invoice', 'refund', 'payment', 'subscription']
  ✅ Account: ['account', 'email']
  ✅ Product Question: ['how do', 'how to']
  ✅ Workspace: ['workspace', 'team', 'member', 'invite']

🔑 ALL RAW KEYS IN CONVERSATION OBJECT:
  admin_assignee_id, ai_agent, ai_agent_participated, contacts, 
conversation_parts, conversation_rating, created_at, custom_attributes, 
first_contact_reply, id, linked_objects, open, priority, read, sla_applied, 
source, state, statistics, tags, team_assignee_id, teammates, title, topics, 
type, updated_at



================================================================================
CONVERSATION #11: 215471355852644
================================================================================

📋 TOP-LEVEL FIELDS (ALL):
  id: 215471355852644
  type: conversation
  created_at: 2025-10-19 05:43:39+00:00 (2025-10-19 05:43:39+00:00)
  updated_at: 2025-10-27 04:47:41+00:00 (2025-10-27 04:47:41+00:00)
  state: closed
  priority: not_priority
  read: True
  waiting_since: (none)
  snoozed_until: (none)
  open: False
  admin_assignee_id: 8095738
  team_assignee_id: 7711311

🤖 AI AGENT DATA:
  ai_agent_participated: True
  ai_agent object: EXISTS
    source_type: workflow
    source_title: Fin Over Messenger
    last_answer_type: ai_answer
    resolution_state: routed_to_team
    content_sources: {'type': 'content_source.list', 'total_count': 2, 
'content_sources': [{'content_type': 'article', 'url': 
'/fin-ai-agent/content?content=article&id=11888813', 'title': 'Can I embed Gamma
into another site?', 'locale': 'en'}, {'content_type': 'article', 'url': 
'/fin-ai-agent/content?content=article&id=11889728', 'title': 'Why am I having 
trouble connecting to Gamma?', 'locale': 'en'}]}

🏷️  CUSTOM ATTRIBUTES:
  Has attachments: True
  Imported via standalone: False
  Auto-translated: False
  Fin AI Agent: Preview: False
  Copilot used: False
  Language: Spanish
  Fin AI Agent resolution state: Routed to team
  Reason for contact: Bug
  Bug: Embeds
  CX Score rating: 2
  CX Score explanation: Customer experienced frustration embedding a 
presentation due to connection issues. The AI Agent's solutions were 
insufficient, leading to escalation to a teammate who requested more info and 
suggested a fix, but no resolution confirmation was given.

🔖 TAGS:
  (empty)

📑 TOPICS:
  (empty)

👤 ASSIGNEE:
  (none)

💬 CONVERSATION PARTS:
  Total parts: 57

  Part 1:
    Type: bot
    Name: Support Sal
    Email: operator+ihnzqaok@intercom.io
    ID: 5643511
    Created: 2025-10-19 05:43:39 (1760852619)
    Body: ...

  Part 2:
    Type: bot
    Name: Support Sal
    Email: operator+ihnzqaok@intercom.io
    ID: 5643511
    Created: 2025-10-19 05:43:39 (1760852619)
    Body: ...

  Part 3:
    Type: bot
    Name: Support Sal
    Email: operator+ihnzqaok@intercom.io
    ID: 5643511
    Created: 2025-10-19 05:43:40 (1760852620)
    Body: ...

  Part 4:
    Type: bot
    Name: Support Sal
    Email: operator+ihnzqaok@intercom.io
    ID: 5643511
    Created: 2025-10-19 05:43:42 (1760852622)
    Body: <p>I am trying to embed a presentation on my website, but the 
embedding is broken because it says that gamma refused the connection</p>
<p><i>––– Tran...

  Part 5:
    Type: bot
    Name: Support Sal
    Email: operator+ihnzqaok@intercom.io
    ID: 5643511
    Created: 2025-10-19 05:43:43 (1760852623)
    Body: ...

  ... and 52 more parts

📊 STATISTICS:
  type: conversation_statistics
  time_to_assignment: 0
  time_to_admin_reply: 13040
  time_to_first_close: 601019
  time_to_last_close: 601019
  median_time_to_reply: 58230
  first_contact_reply_at: 1760852619
  first_assignment_at: 1760852619
  first_admin_reply_at: 1760865719
  first_close_at: 1761454058
  last_assignment_at: 1760852871
  last_assignment_admin_reply_at: 1760865719
  last_contact_reply_at: 1761027675
  last_admin_reply_at: 1761454014
  last_close_at: 1761454058
  last_closed_by_id: 8095738
  count_reopens: 0
  count_assignments: 3
  count_conversation_parts: 58
  assigned_team_first_response_time: [{'team_id': 7711311, 'team_name': 'Paid 
Support', 'response_time': 12849.0}]
  assigned_team_first_response_time_in_office_hours: [{'team_id': 7711311, 
'team_name': 'Paid Support', 'response_time': 12789}]
  handling_time: 263244

⭐ CONVERSATION RATING:
  created_at: 1761540461
  contact: {'type': 'contact', 'id': '6445d7d7948b25181d1ae47d', 'external_id': 
'15tolxwfybnkugd'}
  teammate: {'type': 'admin', 'id': '8095738'}
  updated_at: 1761540461

👥 CONTACTS:
  Contact 1:
    ID: 6445d7d7948b25181d1ae47d
    Email: victor@chazarra.com
    Role: user
    Custom Attributes: ['article_id', 'jobFunction', 'stripe_account_balance', 
'stripe_card_brand', 'stripe_card_expires_at']

📨 SOURCE MESSAGE:
  Type: conversation
  ID: 3210737617
  Author Type: user
  Author ID: 6445d7d7948b25181d1ae47d
  Body: <p>Estoy intentando embeber una presentación en mi web, pero el 
embedding aparece roto proque dice que gamma rechazó la conexión</p>...

📝 EXTRACTED TEXT:
  Length: 9529 chars
  First 300 chars: Estoy intentando embeber una presentación en mi web, pero el 
embedding aparece roto proque dice que gamma rechazó la conexión I am trying to 
embed a presentation on my website, but the embedding is broken because it says 
that gamma refused the connection ––– Translated by Lokalise Messages​ This 
con...

🔍 KEYWORD DETECTION TEST (Word Boundaries):
  ✅ Billing: ['billing']
  ✅ Account: ['email']
  ✅ Bug: ['bug', 'error', 'broken', 'not working']
  ✅ Product Question: ['can i']

🔑 ALL RAW KEYS IN CONVERSATION OBJECT:
  admin_assignee_id, ai_agent, ai_agent_participated, contacts, 
conversation_parts, conversation_rating, created_at, custom_attributes, 
first_contact_reply, id, linked_objects, open, priority, read, sla_applied, 
source, state, statistics, tags, team_assignee_id, teammates, topics, type, 
updated_at



================================================================================
CONVERSATION #12: 215471362018764
================================================================================

📋 TOP-LEVEL FIELDS (ALL):
  id: 215471362018764
  type: conversation
  created_at: 2025-10-19 20:58:36+00:00 (2025-10-19 20:58:36+00:00)
  updated_at: 2025-10-26 00:13:53+00:00 (2025-10-26 00:13:53+00:00)
  state: closed
  priority: not_priority
  read: True
  waiting_since: (none)
  snoozed_until: (none)
  open: False
  admin_assignee_id: 8323510
  team_assignee_id: 7711311
  title: Возврат средств

🤖 AI AGENT DATA:
  ai_agent_participated: True
  ai_agent object: EXISTS
    source_type: workflow
    source_title: Fin Over Email
    last_answer_type: ai_answer
    resolution_state: routed_to_team
    content_sources: {'type': 'content_source.list', 'total_count': 3, 
'content_sources': [{'content_type': 'article', 'url': 
'/fin-ai-agent/content?content=article&id=8623422', 'title': 'How do I manage or
cancel my Gamma subscription?', 'locale': 'en'}, {'content_type': 'article', 
'url': '/fin-ai-agent/content?content=article&id=11889589', 'title': 'What is 
Gamma’s refund policy and how do I request a refund?', 'locale': 'en'}, 
{'content_type': 'content_snippet', 'url': 
'/fin-ai-agent/content?content=content_snippet&id=121824', 'title': 'Cancel 
subscription', 'locale': 'en'}]}

🏷️  CUSTOM ATTRIBUTES:
  Has attachments: False
  Imported via standalone: False
  Auto-translated: False
  Fin AI Agent: Preview: False
  Copilot used: False
  Language: Russian
  Fin AI Agent resolution state: Routed to team
  Reason for contact: Billing
  Billing: Refund
  Refund: Given 
  Given Reason: Did not use
  CX Score rating: 5
  CX Score explanation: The customer requested a refund and initially interacted
with the AI Agent who explained the refund policy. The customer then asked to 
speak to a human teammate, who promptly processed the refund and clarified the 
refund timing and card details, leading to resolution.

🔖 TAGS:
  (empty)

📑 TOPICS:
  - refund (type: topic)

👤 ASSIGNEE:
  (none)

💬 CONVERSATION PARTS:
  Total parts: 40

  Part 1:
    Type: bot
    Name: Support Sal
    Email: operator+ihnzqaok@intercom.io
    ID: 5643511
    Created: 2025-10-19 20:58:36 (1760907516)
    Body: ...

  Part 2:
    Type: bot
    Name: Support Sal
    Email: operator+ihnzqaok@intercom.io
    ID: 5643511
    Created: 2025-10-19 20:58:36 (1760907516)
    Body: ...

  Part 3:
    Type: bot
    Name: Support Sal
    Email: operator+ihnzqaok@intercom.io
    ID: 5643511
    Created: 2025-10-19 20:58:37 (1760907517)
    Body: ...

  Part 4:
    Type: bot
    Name: Support Sal
    Email: operator+ihnzqaok@intercom.io
    ID: 5643511
    Created: 2025-10-19 20:58:38 (1760907518)
    Body: <p>To Privatbank card 5168752099407713<br>​</p>
<p>The transfer was from this card</p>
<p>4149629362166944<br>​</p>
<p>october 19, 19. 2025, 23:48 Lud...

  Part 5:
    Type: bot
    Name: Support Sal
    Email: operator+ihnzqaok@intercom.io
    ID: 5643511
    Created: 2025-10-19 20:58:41 (1760907521)
    Body: ...

  ... and 35 more parts

📊 STATISTICS:
  type: conversation_statistics
  time_to_assignment: 0
  time_to_admin_reply: 424736
  time_to_first_close: 7242
  time_to_last_close: 443413
  median_time_to_reply: 6990
  first_contact_reply_at: 1760907516
  first_assignment_at: 1760907516
  first_admin_reply_at: 1761332552
  first_close_at: 1760914758
  last_assignment_at: 1761350845
  last_assignment_admin_reply_at: 1761351224
  last_contact_reply_at: 1761350844
  last_admin_reply_at: 1761351224
  last_close_at: 1761351229
  last_closed_by_id: 8323510
  count_reopens: 2
  count_assignments: 5
  count_conversation_parts: 41
  assigned_team_first_response_time: [{'team_id': 7711311, 'team_name': 'Paid 
Support', 'response_time': 13592.0}]
  assigned_team_first_response_time_in_office_hours: [{'team_id': 7711311, 
'team_name': 'Paid Support', 'response_time': 13592}]
  handling_time: 13860

⭐ CONVERSATION RATING:
  created_at: 1761437633
  contact: {'type': 'contact', 'id': '67d1ad28e353599d4fc90134', 'external_id': 
'k0o7t0lolg8xgs6'}
  teammate: {'type': 'admin', 'id': '8323510'}
  updated_at: 1761437633

👥 CONTACTS:
  Contact 1:
    ID: 67d1ad28e353599d4fc90134
    Email: lugran75@gmail.com
    Role: user
    Custom Attributes: ['article_id', 'jobFunction', 'stripe_account_balance', 
'stripe_card_brand', 'stripe_card_expires_at']

📨 SOURCE MESSAGE:
  Type: email
  ID: 3211699520
  Author Type: user
  Author ID: 67d1ad28e353599d4fc90134
  Body: <div dir="auto">
<div dir="auto">
<div dir="auto">На карту Приватбанк </div>5168752099407713<div dir="auto">
<br><div dir="auto">Перевод был с этой ка...

📝 EXTRACTED TEXT:
  Length: 5038 chars
  First 300 chars: На карту Приватбанк 5168752099407713 Перевод был с этой карты
4149629362166944 вс, 19 окт. 2025 г., 23:48 Людмила Грань <lugran75@gmail.com>: 
Re: Добрый день. Прошу отменить подписку и вернуть сумму 30 доларов, пе... (Re: 
Добрый день. Прошу отменить подписку и вернуть сумму 30 доларов, перевести на 
...

🔍 KEYWORD DETECTION TEST (Word Boundaries):
  ✅ Billing: ['billing', 'refund', 'payment', 'subscription']
  ✅ Account: ['account', 'email']
  ✅ Product Question: ['how do']
  ✅ Workspace: ['team']

🔑 ALL RAW KEYS IN CONVERSATION OBJECT:
  admin_assignee_id, ai_agent, ai_agent_participated, contacts, 
conversation_parts, conversation_rating, created_at, custom_attributes, 
first_contact_reply, id, linked_objects, open, priority, read, sla_applied, 
source, state, statistics, tags, team_assignee_id, teammates, title, topics, 
type, updated_at



================================================================================
CONVERSATION #13: 215471362521392
================================================================================

📋 TOP-LEVEL FIELDS (ALL):
  id: 215471362521392
  type: conversation
  created_at: 2025-10-19 22:41:10+00:00 (2025-10-19 22:41:10+00:00)
  updated_at: 2025-10-25 17:11:55+00:00 (2025-10-25 17:11:55+00:00)
  state: closed
  priority: not_priority
  read: True
  waiting_since: (none)
  snoozed_until: (none)
  open: False
  admin_assignee_id: 8365619
  team_assignee_id: 7711311

🤖 AI AGENT DATA:
  ai_agent_participated: True
  ai_agent object: EXISTS
    source_type: workflow
    source_title: Fin Over Messenger
    last_answer_type: custom_answer
    resolution_state: routed_to_team
    content_sources: {'type': 'content_source.list', 'total_count': 2, 
'content_sources': [{'content_type': 'custom_answer', 'url': 
'/fin-ai-agent/custom-answers/2165067', 'title': 'Refund Requests', 'locale': 
'en'}, {'content_type': 'custom_answer', 'url': 
'/fin-ai-agent/custom-answers/2165076', 'title': 'Cancel Subscription', 
'locale': 'en'}]}

🏷️  CUSTOM ATTRIBUTES:
  Has attachments: True
  Imported via standalone: False
  Auto-translated: False
  Fin AI Agent: Preview: False
  Copilot used: False
  Fin AI Agent resolution state: Routed to team
  Language: English
  Reason for contact: Billing
  Billing: Refund
  Refund: Given 
  Given Reason: Did not use
  CX Score rating: 4
  CX Score explanation: The customer requested subscription cancellation and 
refund but faced difficulties verifying their account with the AI Agent. The 
teammate engaged actively, requested additional info, and ultimately resolved 
the issue with cancellation and refund confirmation.

🔖 TAGS:
  - Refund - Requests

📑 TOPICS:
  - refund (type: topic)
  - invoices (type: topic)

👤 ASSIGNEE:
  (none)

💬 CONVERSATION PARTS:
  Total parts: 52

  Part 1:
    Type: bot
    Name: Support Sal
    Email: operator+ihnzqaok@intercom.io
    ID: 5643511
    Created: 2025-10-19 22:41:10 (1760913670)
    Body: ...

  Part 2:
    Type: bot
    Name: Support Sal
    Email: operator+ihnzqaok@intercom.io
    ID: 5643511
    Created: 2025-10-19 22:41:11 (1760913671)
    Body: ...

  Part 3:
    Type: bot
    Name: Support Sal
    Email: operator+ihnzqaok@intercom.io
    ID: 5643511
    Created: 2025-10-19 22:41:14 (1760913674)
    Body: ...

  Part 4:
    Type: bot
    Name: Support Sal
    Email: operator+ihnzqaok@intercom.io
    ID: 5643511
    Created: 2025-10-19 22:41:18 (1760913678)
    Body: ...

  Part 5:
    Type: bot
    Name: Support Sal
    Email: operator+ihnzqaok@intercom.io
    ID: 5643511
    Created: 2025-10-19 22:41:19 (1760913679)
    Body: <p>To manage your billing info, you can use the <b>Settings &amp; 
members</b> option on the Gamma dashboard. This will let you find your past 
invoices...

  ... and 47 more parts

📊 STATISTICS:
  type: conversation_statistics
  time_to_assignment: 0
  time_to_admin_reply: 5252
  time_to_first_close: 381303
  time_to_last_close: 381734
  median_time_to_reply: 23540
  first_contact_reply_at: 1760913670
  first_assignment_at: 1760913670
  first_admin_reply_at: 1760918922
  first_close_at: 1761295273
  last_assignment_at: 1761294903
  last_assignment_admin_reply_at: 1761295256
  last_contact_reply_at: 1761295674
  last_admin_reply_at: 1761295700
  last_close_at: 1761295704
  last_closed_by_id: 8365619
  count_reopens: 1
  count_assignments: 5
  count_conversation_parts: 53
  assigned_team_first_response_time: [{'team_id': 7711311, 'team_name': 'Paid 
Support', 'response_time': 4987.0}]
  assigned_team_first_response_time_in_office_hours: [{'team_id': 7711311, 
'team_name': 'Paid Support', 'response_time': 4987}]
  handling_time: 137464

⭐ CONVERSATION RATING:
  rating: 4
  created_at: 1761382108
  contact: {'type': 'contact', 'id': '68c45d4187f1af4681c22a83', 'external_id': 
'exc87ixpyf9l274'}
  teammate: {'type': 'admin', 'id': '8365619'}
  updated_at: 1761412315

👥 CONTACTS:
  Contact 1:
    ID: 68c45d4187f1af4681c22a83
    Email: mobolad@capria.vc
    Role: user
    Custom Attributes: ['jobFunction']

📨 SOURCE MESSAGE:
  Type: conversation
  ID: 3211797675
  Author Type: user
  Author ID: 68c45d4187f1af4681c22a83
  Body: <p>Cancel my subscription</p>...

📝 EXTRACTED TEXT:
  Length: 3768 chars
  First 300 chars: Cancel my subscription To manage your billing info, you can 
use the Settings & members option on the Gamma dashboard. This will let you find
your past invoices, change payment options, or cancel your plan. [App: Article 
Inserter] When canceling your subscription, please make sure to do so at least 
t...

🔍 KEYWORD DETECTION TEST (Word Boundaries):
  ✅ Billing: ['billing', 'invoice', 'refund', 'payment', 'subscription']
  ✅ Account: ['account', 'email']
  ✅ Workspace: ['workspace', 'team']

🔑 ALL RAW KEYS IN CONVERSATION OBJECT:
  admin_assignee_id, ai_agent, ai_agent_participated, contacts, 
conversation_parts, conversation_rating, created_at, custom_attributes, 
first_contact_reply, id, linked_objects, open, priority, read, source, state, 
statistics, tags, team_assignee_id, teammates, topics, type, updated_at



================================================================================
CONVERSATION #14: 215471360818126
================================================================================

📋 TOP-LEVEL FIELDS (ALL):
  id: 215471360818126
  type: conversation
  created_at: 2025-10-19 17:51:56+00:00 (2025-10-19 17:51:56+00:00)
  updated_at: 2025-10-24 22:12:25+00:00 (2025-10-24 22:12:25+00:00)
  state: closed
  priority: not_priority
  read: False
  waiting_since: (none)
  snoozed_until: (none)
  open: False
  admin_assignee_id: 7898054
  team_assignee_id: 7711311
  title: Problem with opening the link to the page

🤖 AI AGENT DATA:
  ai_agent_participated: True
  ai_agent object: EXISTS
    source_type: workflow
    source_title: Fin Over Email
    last_answer_type: ai_answer
    resolution_state: routed_to_team
    content_sources: {'type': 'content_source.list', 'total_count': 3, 
'content_sources': [{'content_type': 'article', 'url': 
'/fin-ai-agent/content?content=article&id=11888105', 'title': 'How do 
collaboration and sharing settings work in Gamma?', 'locale': 'en'}, 
{'content_type': 'article', 'url': 
'/fin-ai-agent/content?content=article&id=11888512', 'title': 'Can I publish or 
disable my Gamma site?', 'locale': 'en'}, {'content_type': 'article', 'url': 
'/fin-ai-agent/content?content=article&id=11888844', 'title': 'How do I create 
and embed a QR code in Gamma?', 'locale': 'en'}]}

🏷️  CUSTOM ATTRIBUTES:
  Has attachments: False
  Imported via standalone: False
  Auto-translated: False
  Fin AI Agent: Preview: False
  Copilot used: False
  Language: English
  Fin AI Agent resolution state: Routed to team
  Reason for contact: Abuse
  Abuse: Disabled
  Moderator decision: Re-enabled
  Disabled: Share option disabled
  CX Score rating: 4
  CX Score explanation: The customer experienced a negative product issue with 
forced registration on shared links and expressed negative feedback about the 
moderation policy. The customer showed high effort and the teammate ultimately 
provided a high-quality resolution by reinstating public sharing.

🔖 TAGS:
  (empty)

📑 TOPICS:
  - domain (type: topic)
  - affiliate (type: topic)
  - publish (type: topic)
  - publish (type: topic)
  - notes (type: topic)

👤 ASSIGNEE:
  (none)

💬 CONVERSATION PARTS:
  Total parts: 43

  Part 1:
    Type: bot
    Name: Support Sal
    Email: operator+ihnzqaok@intercom.io
    ID: 5643511
    Created: 2025-10-19 17:51:56 (1760896316)
    Body: ...

  Part 2:
    Type: bot
    Name: Support Sal
    Email: operator+ihnzqaok@intercom.io
    ID: 5643511
    Created: 2025-10-19 17:51:56 (1760896316)
    Body: ...

  Part 3:
    Type: bot
    Name: Support Sal
    Email: operator+ihnzqaok@intercom.io
    ID: 5643511
    Created: 2025-10-19 17:51:57 (1760896317)
    Body: ...

  Part 4:
    Type: bot
    Name: Support Sal
    Email: operator+ihnzqaok@intercom.io
    ID: 5643511
    Created: 2025-10-19 17:52:01 (1760896321)
    Body: ...

  Part 5:
    Type: bot
    Name: Support Sal
    Email: operator+ihnzqaok@intercom.io
    ID: 5643511
    Created: 2025-10-19 17:52:30 (1760896350)
    Body: ...

  ... and 38 more parts

📊 STATISTICS:
  type: conversation_statistics
  time_to_assignment: 0
  time_to_admin_reply: 10722
  time_to_first_close: 358425
  time_to_last_close: 358425
  median_time_to_reply: 6422
  first_contact_reply_at: 1760896316
  first_assignment_at: 1760896316
  first_admin_reply_at: 1760907038
  first_close_at: 1761254981
  last_assignment_at: 1761166102
  last_assignment_admin_reply_at: 1761254965
  last_contact_reply_at: 1761237000
  last_admin_reply_at: 1761254965
  last_close_at: 1761254981
  last_closed_by_id: 7898054
  count_reopens: 0
  count_assignments: 4
  count_conversation_parts: 44
  assigned_team_first_response_time: [{'team_id': 7711311, 'team_name': 'Paid 
Support', 'response_time': 9925.0}]
  assigned_team_first_response_time_in_office_hours: [{'team_id': 7711311, 
'team_name': 'Paid Support', 'response_time': 9925}]
  handling_time: 241221

⭐ CONVERSATION RATING:
  created_at: 1761341384
  contact: {'type': 'contact', 'id': '685490c2904fa15708acc79a', 'external_id': 
'uq7nj450mgcpej6'}
  teammate: {'type': 'admin', 'id': '7898054'}
  updated_at: 1761341384

👥 CONTACTS:
  Contact 1:
    ID: 685490c2904fa15708acc79a
    Email: 01.victor.stanczyk@gmail.com
    Role: user
    Custom Attributes: ['article_id', 'jobFunction', 'stripe_account_balance', 
'stripe_card_brand', 'stripe_card_expires_at']

📨 SOURCE MESSAGE:
  Type: email
  ID: 3211485566
  Author Type: user
  Author ID: 685490c2904fa15708acc79a
  Body: <div dir="ltr">
<div> <p>Hello,<br> I am a PRO subscriber.<br> I created a project that I sent 
to several places. It used to open normally, but now th...

📝 EXTRACTED TEXT:
  Length: 8343 chars
  First 300 chars: Hello, I am a PRO subscriber. I created a project that I sent
to several places. It used to open normally, but now the function has stopped 
working — people have to register in order to open the same link. The viewers 
have no interest in registering. Please clarify this issue. Best regards, 
VictorTh...

🔍 KEYWORD DETECTION TEST (Word Boundaries):
  ✅ Billing: ['billing']
  ✅ Account: ['email']
  ✅ Bug: ['error']
  ✅ Product Question: ['how do', 'can i']
  ✅ Workspace: ['workspace', 'team']

🔑 ALL RAW KEYS IN CONVERSATION OBJECT:
  admin_assignee_id, ai_agent, ai_agent_participated, contacts, 
conversation_parts, conversation_rating, created_at, custom_attributes, 
first_contact_reply, id, linked_objects, open, priority, read, sla_applied, 
source, state, statistics, tags, team_assignee_id, teammates, title, topics, 
type, updated_at



================================================================================
CONVERSATION #15: 215471357953108
================================================================================

📋 TOP-LEVEL FIELDS (ALL):
  id: 215471357953108
  type: conversation
  created_at: 2025-10-19 11:54:47+00:00 (2025-10-19 11:54:47+00:00)
  updated_at: 2025-10-24 18:03:27+00:00 (2025-10-24 18:03:27+00:00)
  state: closed
  priority: not_priority
  read: True
  waiting_since: 2025-10-19 11:54:48 (1760874888)
  snoozed_until: (none)
  open: False
  admin_assignee_id: 5643511

🤖 AI AGENT DATA:
  ai_agent_participated: True
  ai_agent object: EXISTS
    source_type: workflow
    source_title: Fin Over Messenger
    last_answer_type: ai_answer
    resolution_state: assumed_resolution
    rating: 1
    content_sources: {'type': 'content_source.list', 'total_count': 2, 
'content_sources': [{'content_type': 'article', 'url': 
'/fin-ai-agent/content?content=article&id=10841151', 'title': 'How do I change 
my Gamma theme?', 'locale': 'en'}, {'content_type': 'article', 'url': 
'/fin-ai-agent/content?content=article&id=13007905', 'title': 'How do I use the 
visuals menu in Gamma?', 'locale': 'en'}]}
    created_at: 1760875739
    updated_at: 1761329007

🏷️  CUSTOM ATTRIBUTES:
  Has attachments: False
  Imported via standalone: False
  Auto-translated: False
  Fin AI Agent: Preview: False
  Copilot used: False
  Language: Italian
  Fin AI Agent resolution state: Assumed Resolution

🔖 TAGS:
  (empty)

📑 TOPICS:
  (empty)

👤 ASSIGNEE:
  (none)

💬 CONVERSATION PARTS:
  Total parts: 13

  Part 1:
    Type: bot
    Name: Support Sal
    Email: operator+ihnzqaok@intercom.io
    ID: 5643511
    Created: 2025-10-19 11:54:48 (1760874888)
    Body: ...

  Part 2:
    Type: bot
    Name: Support Sal
    Email: operator+ihnzqaok@intercom.io
    ID: 5643511
    Created: 2025-10-19 11:54:48 (1760874888)
    Body: ...

  Part 3:
    Type: bot
    Name: Support Sal
    Email: operator+ihnzqaok@intercom.io
    ID: 5643511
    Created: 2025-10-19 11:54:50 (1760874890)
    Body: <p>What kind of theme I used for this landing page</p>
<p><i>––– Translated by <a 
href="https://lokalise.com/product/support-ticket-translation" rel="...

  Part 4:
    Type: bot
    Name: Support Sal
    Email: operator+ihnzqaok@intercom.io
    ID: 5643511
    Created: 2025-10-19 11:54:51 (1760874891)
    Body: ...

  Part 5:
    Type: bot
    Name: Support Sal
    Email: operator+ihnzqaok@intercom.io
    ID: 5643511
    Created: 2025-10-19 11:54:59 (1760874899)
    Body: <p>Per vedere quale tema hai utilizzato nella tua landing page, puoi 
controllarlo facilmente:</p>
<ol>
<li>
<b>Apri il selettore tema</b>: Vai alla ba...

  ... and 8 more parts

📊 STATISTICS:
  type: conversation_statistics
  time_to_assignment: 1
  time_to_first_close: 852
  time_to_last_close: 852
  first_contact_reply_at: 1760874887
  first_assignment_at: 1760874888
  first_close_at: 1760875739
  last_assignment_at: 1760874888
  last_contact_reply_at: 1760874887
  last_close_at: 1760875739
  last_closed_by_id: 5643511
  count_reopens: 0
  count_assignments: 1
  count_conversation_parts: 14
  assigned_team_first_response_time: []
  assigned_team_first_response_time_in_office_hours: []
  handling_time: 0

⭐ CONVERSATION RATING:
  rating: 1
  created_at: 1760875739
  contact: {'type': 'contact', 'id': '671d08c6fe514b29f4407d3a', 'external_id': 
'8mpeublq0b5mtz1'}
  teammate: {'type': 'bot', 'id': '5643511'}
  updated_at: 1761329007

👥 CONTACTS:
  Contact 1:
    ID: 671d08c6fe514b29f4407d3a
    Email: stuffsweepy@gmail.com
    Role: user
    Custom Attributes: ['article_id', 'jobFunction', 'stripe_account_balance', 
'stripe_card_brand', 'stripe_card_expires_at']

📨 SOURCE MESSAGE:
  Type: conversation
  ID: 3211048659
  Author Type: user
  Author ID: 671d08c6fe514b29f4407d3a
  Body: <p>Che tipo di tema ho utilizzato per questa landing page</p>...

📝 EXTRACTED TEXT:
  Length: 1304 chars
  First 300 chars: Che tipo di tema ho utilizzato per questa landing page What 
kind of theme I used for this landing page ––– Translated by Lokalise Messages​ 
This conversation language is Italian. Create a note starting with ! to respond 
in a customer's language or try !help Per vedere quale tema hai utilizzato 
nella...

🔍 KEYWORD DETECTION TEST (Word Boundaries):
  ✅ Product Question: ['how do']

🔑 ALL RAW KEYS IN CONVERSATION OBJECT:
  admin_assignee_id, ai_agent, ai_agent_participated, contacts, 
conversation_parts, conversation_rating, created_at, custom_attributes, 
first_contact_reply, id, linked_objects, open, priority, read, source, state, 
statistics, tags, teammates, topics, type, updated_at, waiting_since



================================================================================
CONVERSATION #16: 215471360849571
================================================================================

📋 TOP-LEVEL FIELDS (ALL):
  id: 215471360849571
  type: conversation
  created_at: 2025-10-19 17:58:16+00:00 (2025-10-19 17:58:16+00:00)
  updated_at: 2025-10-24 16:24:47+00:00 (2025-10-24 16:24:47+00:00)
  state: closed
  priority: not_priority
  read: True
  waiting_since: (none)
  snoozed_until: (none)
  open: False
  admin_assignee_id: 7559708
  team_assignee_id: 7711600

🤖 AI AGENT DATA:
  ai_agent_participated: True
  ai_agent object: EXISTS
    source_type: workflow
    source_title: Fin Over Messenger
    last_answer_type: ai_answer
    resolution_state: routed_to_team
    content_sources: {'type': 'content_source.list', 'total_count': 9, 
'content_sources': [{'content_type': 'content_snippet', 'url': 
'/fin-ai-agent/content?content=content_snippet&id=240997', 'title': 'Why did I 
get charged twice for the monthly sub...', 'locale': 'en'}, {'content_type': 
'content_snippet', 'url': 
'/fin-ai-agent/content?content=content_snippet&id=252530', 'title': 'How can I 
know if a refund is going to be issued?', 'locale': 'en'}, {'content_type': 
'content_snippet', 'url': 
'/fin-ai-agent/content?content=content_snippet&id=2599910', 'title': 'What will 
happen to my existing gammas if I cancel my account to switch my email 
address?', 'locale': 'en'}, {'content_type': 'content_snippet', 'url': 
'/fin-ai-agent/content?content=content_snippet&id=3135780', 'title': "I want to 
change my account email address and I'm on a paid subscription", 'locale': 
'en'}, {'content_type': 'article', 'url': 
'/fin-ai-agent/content?content=article&id=8023289', 'title': 'Upgrading your 
Gamma subscription', 'locale': 'en'}, {'content_type': 'article', 'url': 
'/fin-ai-agent/content?content=article&id=11888948', 'title': 'How do paid users
update their email address?', 'locale': 'en'}, {'content_type': 'article', 
'url': '/fin-ai-agent/content?content=article&id=11889340', 'title': 'What does 
per-member billing mean in Gamma?', 'locale': 'en'}, {'content_type': 'article',
'url': '/fin-ai-agent/content?content=article&id=11889589', 'title': 'What is 
Gamma’s refund policy and how do I request a refund?', 'locale': 'en'}, 
{'content_type': 'article', 'url': 
'/fin-ai-agent/content?content=article&id=12618872', 'title': 'What options does
Gamma offer for teams and business?', 'locale': 'en'}]}

🏷️  CUSTOM ATTRIBUTES:
  Has attachments: False
  Imported via standalone: False
  Auto-translated: False
  Fin AI Agent: Preview: False
  Copilot used: False
  Language: English
  Fin AI Agent resolution state: Routed to team
  Reason for contact: Account
  Billing: Refund
  Refund: Given 
  Given Reason: Update email address
  CX Score rating: 4
  CX Score explanation: The customer experienced frustration with company 
policies on refunds and email changes, requiring escalation from the AI Agent to
human teammates. The teammates provided high-quality support resolving refund 
and account update issues.
  Account: Update email address (paid)
  Workspace: Manage members

🔖 TAGS:
  - Refunded - Update Email Address (Paid account)
  - DC - Account Transfer

📑 TOPICS:
  - domain (type: topic)
  - refund (type: topic)
  - notes (type: topic)
  - change email (type: topic)

👤 ASSIGNEE:
  (none)

💬 CONVERSATION PARTS:
  Total parts: 68

  Part 1:
    Type: bot
    Name: Support Sal
    Email: operator+ihnzqaok@intercom.io
    ID: 5643511
    Created: 2025-10-19 17:58:16 (1760896696)
    Body: ...

  Part 2:
    Type: bot
    Name: Support Sal
    Email: operator+ihnzqaok@intercom.io
    ID: 5643511
    Created: 2025-10-19 17:58:16 (1760896696)
    Body: ...

  Part 3:
    Type: bot
    Name: Support Sal
    Email: operator+ihnzqaok@intercom.io
    ID: 5643511
    Created: 2025-10-19 17:58:17 (1760896697)
    Body: ...

  Part 4:
    Type: bot
    Name: Support Sal
    Email: operator+ihnzqaok@intercom.io
    ID: 5643511
    Created: 2025-10-19 17:58:20 (1760896700)
    Body: ...

  Part 5:
    Type: bot
    Name: Support Sal
    Email: operator+ihnzqaok@intercom.io
    ID: 5643511
    Created: 2025-10-19 17:58:33 (1760896713)
    Body: <p>Thanks for removing the additional user from your workspace. Since 
you're requesting a refund for the extra charge, I'll need to connect you with 
o...

  ... and 63 more parts

📊 STATISTICS:
  type: conversation_statistics
  time_to_assignment: 0
  time_to_admin_reply: 7169
  time_to_first_close: 7184
  time_to_last_close: 339747
  median_time_to_reply: 9868
  first_contact_reply_at: 1760896696
  first_assignment_at: 1760896696
  first_admin_reply_at: 1760903865
  first_close_at: 1760903880
  last_assignment_at: 1760987883
  last_assignment_admin_reply_at: 1761065743
  last_contact_reply_at: 1761032596
  last_admin_reply_at: 1761236682
  last_close_at: 1761236683
  last_closed_by_id: 7559708
  count_reopens: 1
  count_assignments: 7
  count_conversation_parts: 69
  assigned_team_first_response_time: [{'team_id': 7711311, 'team_name': 'Paid 
Support', 'response_time': 7041.0}, {'team_id': 7711600, 'team_name': 'Technical
Support', 'response_time': 84746.0}]
  assigned_team_first_response_time_in_office_hours: [{'team_id': 7711311, 
'team_name': 'Paid Support', 'response_time': 7041}, {'team_id': 7711600, 
'team_name': 'Technical Support', 'response_time': 84686}]
  handling_time: 53649

⭐ CONVERSATION RATING:
  (no rating)

👥 CONTACTS:
  Contact 1:
    ID: 6871303251ce49dfa6eeb58d
    Email: keithbt1970@gmail.com
    Role: user
    Custom Attributes: ['article_id', 'jobFunction', 'stripe_account_balance', 
'stripe_card_brand', 'stripe_card_expires_at']
  Contact 2:
    ID: 68f738b578fd8ee5ffe90f4c
    Email: None
    Role: None

📨 SOURCE MESSAGE:
  Type: conversation
  ID: 3211493055
  Author Type: user
  Author ID: 6871303251ce49dfa6eeb58d
  Body: <p>following the advice provided, I have removed the additional user. I 
would like a refund for €185.59 - the charge has been applied in error.</p>...

📝 EXTRACTED TEXT:
  Length: 10175 chars
  First 300 chars: following the advice provided, I have removed the additional 
user. I would like a refund for €185.59 - the charge has been applied in error. 
Thanks for removing the additional user from your workspace. Since you're 
requesting a refund for the extra charge, I'll need to connect you with our 
human sup...

🔍 KEYWORD DETECTION TEST (Word Boundaries):
  ✅ Billing: ['billing', 'refund', 'subscription']
  ✅ Account: ['account', 'email']
  ✅ Bug: ['error']
  ✅ Product Question: ['how do', 'how to', 'question']
  ✅ Workspace: ['workspace', 'team', 'member', 'invite']

🔑 ALL RAW KEYS IN CONVERSATION OBJECT:
  admin_assignee_id, ai_agent, ai_agent_participated, contacts, 
conversation_parts, created_at, custom_attributes, first_contact_reply, id, 
linked_objects, open, priority, read, sla_applied, source, state, statistics, 
tags, team_assignee_id, teammates, topics, type, updated_at



================================================================================
CONVERSATION #17: 215471355827900
================================================================================

📋 TOP-LEVEL FIELDS (ALL):
  id: 215471355827900
  type: conversation
  created_at: 2025-10-19 05:34:08+00:00 (2025-10-19 05:34:08+00:00)
  updated_at: 2025-10-24 15:51:09+00:00 (2025-10-24 15:51:09+00:00)
  state: closed
  priority: not_priority
  read: True
  waiting_since: (none)
  snoozed_until: (none)
  open: False
  admin_assignee_id: 7769339
  team_assignee_id: 8276677
  title: Fwd: Cancel my premium

🤖 AI AGENT DATA:
  ai_agent_participated: True
  ai_agent object: EXISTS
    source_type: workflow
    source_title: Fin Over Email
    last_answer_type: ai_answer
    resolution_state: routed_to_team
    content_sources: {'type': 'content_source.list', 'total_count': 1, 
'content_sources': [{'content_type': 'article', 'url': 
'/fin-ai-agent/content?content=article&id=8623422', 'title': 'How do I manage or
cancel my Gamma subscription?', 'locale': 'en'}]}

🏷️  CUSTOM ATTRIBUTES:
  Has attachments: True
  Imported via standalone: False
  Auto-translated: False
  Fin AI Agent: Preview: False
  Copilot used: False
  Language: English
  Fin AI Agent resolution state: Routed to team
  Reason for contact: Billing
  Billing: Refund
  Refund: Given 
  Given Reason: Subscribed by mistake
  CX Score rating: 4
  CX Score explanation: The customer was frustrated about being charged after 
cancellation and needed a refund. The AI Agent provided policy info but could 
not resolve the refund, requiring escalation to a human teammate who 
successfully processed the refund, leading to customer satisfaction.

🔖 TAGS:
  - Refund - Requests

📑 TOPICS:
  - refund (type: topic)

👤 ASSIGNEE:
  (none)

💬 CONVERSATION PARTS:
  Total parts: 43

  Part 1:
    Type: bot
    Name: Support Sal
    Email: operator+ihnzqaok@intercom.io
    ID: 5643511
    Created: 2025-10-19 05:34:08 (1760852048)
    Body: ...

  Part 2:
    Type: bot
    Name: Support Sal
    Email: operator+ihnzqaok@intercom.io
    ID: 5643511
    Created: 2025-10-19 05:34:09 (1760852049)
    Body: ...

  Part 3:
    Type: bot
    Name: Support Sal
    Email: operator+ihnzqaok@intercom.io
    ID: 5643511
    Created: 2025-10-19 05:34:09 (1760852049)
    Body: ...

  Part 4:
    Type: bot
    Name: Support Sal
    Email: operator+ihnzqaok@intercom.io
    ID: 5643511
    Created: 2025-10-19 05:34:14 (1760852054)
    Body: ...

  Part 5:
    Type: bot
    Name: Support Sal
    Email: operator+ihnzqaok@intercom.io
    ID: 5643511
    Created: 2025-10-19 05:34:38 (1760852078)
    Body: ...

  ... and 38 more parts

📊 STATISTICS:
  type: conversation_statistics
  time_to_assignment: 1
  time_to_admin_reply: 221424
  time_to_first_close: 7170
  time_to_last_close: 382318
  median_time_to_reply: 99677
  first_contact_reply_at: 1760852048
  first_assignment_at: 1760852049
  first_admin_reply_at: 1761073652
  first_close_at: 1760859278
  last_assignment_at: 1760975580
  last_assignment_admin_reply_at: 1761073652
  last_contact_reply_at: 1761077898
  last_admin_reply_at: 1761073652
  last_close_at: 1761234666
  last_closed_by_id: 7769339
  count_reopens: 2
  count_assignments: 4
  count_conversation_parts: 44
  assigned_team_first_response_time: [{'team_id': 8276677, 'team_name': 
'Refunds', 'response_time': 99701.0}]
  assigned_team_first_response_time_in_office_hours: [{'team_id': 8276677, 
'team_name': 'Refunds', 'response_time': 99641}]
  handling_time: 254848

⭐ CONVERSATION RATING:
  created_at: 1761321069
  contact: {'type': 'contact', 'id': '66c4b67c02cbb08f4cb165c9', 'external_id': 
'br4q2oko2e92sqs'}
  teammate: {'type': 'admin', 'id': '7769339'}
  updated_at: 1761321069

👥 CONTACTS:
  Contact 1:
    ID: 66c4b67c02cbb08f4cb165c9
    Email: kam@revdating.com
    Role: user
    Custom Attributes: ['article_id', 'jobFunction', 'stripe_account_balance', 
'stripe_card_brand', 'stripe_card_expires_at']

📨 SOURCE MESSAGE:
  Type: email
  ID: 3210731558
  Author Type: user
  Author ID: 66c4b67c02cbb08f4cb165c9
  Body: <p>See below for my email last February about cancelling, why was this 
just charged to me? </p><br><div dir="ltr"><div>Kam 
Berard</div><div>469-261-80...

📝 EXTRACTED TEXT:
  Length: 4767 chars
  First 300 chars: See below for my email last February about cancelling, why 
was this just charged to me? Kam Berard469-261-8081Kam@revdating.comBegin 
forwarded message: Hi Kam, If you canceled your subscription but are still being
charged, it's possible you have another subscription under a different email 
address. ...

🔍 KEYWORD DETECTION TEST (Word Boundaries):
  ✅ Billing: ['billing', 'refund', 'payment', 'subscription']
  ✅ Account: ['account', 'email']
  ✅ Product Question: ['how do']
  ✅ Workspace: ['team']

🔑 ALL RAW KEYS IN CONVERSATION OBJECT:
  admin_assignee_id, ai_agent, ai_agent_participated, contacts, 
conversation_parts, conversation_rating, created_at, custom_attributes, 
first_contact_reply, id, linked_objects, open, priority, read, sla_applied, 
source, state, statistics, tags, team_assignee_id, teammates, title, topics, 
type, updated_at



================================================================================
CONVERSATION #18: 215471358582941
================================================================================

📋 TOP-LEVEL FIELDS (ALL):
  id: 215471358582941
  type: conversation
  created_at: 2025-10-19 13:18:30+00:00 (2025-10-19 13:18:30+00:00)
  updated_at: 2025-10-24 13:12:42+00:00 (2025-10-24 13:12:42+00:00)
  state: closed
  priority: not_priority
  read: True
  waiting_since: (none)
  snoozed_until: (none)
  open: False
  admin_assignee_id: 8418193
  team_assignee_id: 7711311

🤖 AI AGENT DATA:
  ai_agent_participated: True
  ai_agent object: EXISTS
    source_type: workflow
    source_title: Fin Over Messenger
    last_answer_type: ai_answer
    resolution_state: routed_to_team
    content_sources: {'type': 'content_source.list', 'total_count': 3, 
'content_sources': [{'content_type': 'article', 'url': 
'/fin-ai-agent/content?content=article&id=8623422', 'title': 'How do I manage or
cancel my Gamma subscription?', 'locale': 'en'}, {'content_type': 'article', 
'url': '/fin-ai-agent/content?content=article&id=11889139', 'title': 'Is there a
one-month subscription option available?', 'locale': 'en'}, {'content_type': 
'article', 'url': '/fin-ai-agent/content?content=article&id=11889589', 'title': 
'What is Gamma’s refund policy and how do I request a refund?', 'locale': 
'en'}]}

🏷️  CUSTOM ATTRIBUTES:
  Has attachments: False
  Imported via standalone: False
  Auto-translated: False
  Fin AI Agent: Preview: False
  Copilot used: False
  Language: Korean
  Fin AI Agent resolution state: Routed to team
  Reason for contact: Unknown/Unresponsive
  CX Score rating: 2
  CX Score explanation: The customer mistakenly purchased an annual membership 
instead of monthly and sought a refund. The AI Agent explained the refund policy
but did not resolve the issue, leading to a handoff to a teammate. The teammate 
provided instructions but the customer did not confirm resolution, resulting in 
a prolonged and unresolved experience.

🔖 TAGS:
  (empty)

📑 TOPICS:
  - refund (type: topic)

👤 ASSIGNEE:
  (none)

💬 CONVERSATION PARTS:
  Total parts: 47

  Part 1:
    Type: bot
    Name: Support Sal
    Email: operator+ihnzqaok@intercom.io
    ID: 5643511
    Created: 2025-10-19 13:18:31 (1760879911)
    Body: ...

  Part 2:
    Type: bot
    Name: Support Sal
    Email: operator+ihnzqaok@intercom.io
    ID: 5643511
    Created: 2025-10-19 13:18:31 (1760879911)
    Body: ...

  Part 3:
    Type: bot
    Name: Support Sal
    Email: operator+ihnzqaok@intercom.io
    ID: 5643511
    Created: 2025-10-19 13:18:31 (1760879911)
    Body: ...

  Part 4:
    Type: bot
    Name: Support Sal
    Email: operator+ihnzqaok@intercom.io
    ID: 5643511
    Created: 2025-10-19 13:18:33 (1760879913)
    Body: <p>hello. my employee accidentally paid for an annual membership. we 
wanted to extend it to month-to-month... but we accidentally made it annual. How
...

  Part 5:
    Type: bot
    Name: Support Sal
    Email: operator+ihnzqaok@intercom.io
    ID: 5643511
    Created: 2025-10-19 13:18:35 (1760879915)
    Body: ...

  ... and 42 more parts

📊 STATISTICS:
  type: conversation_statistics
  time_to_assignment: 0
  time_to_admin_reply: 11972
  time_to_first_close: 345008
  time_to_last_close: 345008
  median_time_to_reply: 11399
  first_contact_reply_at: 1760879911
  first_assignment_at: 1760879911
  first_admin_reply_at: 1760891883
  first_close_at: 1761225159
  last_assignment_at: 1760879985
  last_assignment_admin_reply_at: 1760891883
  last_contact_reply_at: 1760880484
  last_admin_reply_at: 1761225154
  last_close_at: 1761225159
  last_closed_by_id: 8418193
  count_reopens: 0
  count_assignments: 3
  count_conversation_parts: 48
  assigned_team_first_response_time: [{'team_id': 7711311, 'team_name': 'Paid 
Support', 'response_time': 11898.0}]
  assigned_team_first_response_time_in_office_hours: [{'team_id': 7711311, 
'team_name': 'Paid Support', 'response_time': 11898}]
  handling_time: 172311

⭐ CONVERSATION RATING:
  created_at: 1761311562
  contact: {'type': 'contact', 'id': '689ae0af894b09a507e45625', 'external_id': 
'oe625k7rwotr55h'}
  teammate: {'type': 'admin', 'id': '8418193'}
  updated_at: 1761311562

👥 CONTACTS:
  Contact 1:
    ID: 689ae0af894b09a507e45625
    Email: nate3235@gmail.com
    Role: user
    Custom Attributes: ['jobFunction', 'stripe_account_balance', 
'stripe_card_brand', 'stripe_card_expires_at', 'stripe_deleted']

📨 SOURCE MESSAGE:
  Type: conversation
  ID: 3211143185
  Author Type: user
  Author ID: 689ae0af894b09a507e45625
  Body: <p>안녕하세요. 저희 직원이 실수로 연간 회원을 결제했습니다. 월 1회로 
이용하다 연장하고자 했는데.. 실수로 연간을 해버렸네요. 이걸 어떻게 되돌릴 수 
있을까요? </p>...

📝 EXTRACTED TEXT:
  Length: 4520 chars
  First 300 chars: 안녕하세요. 저희 직원이 실수로 연간 회원을 결제했습니다. 월 
1회로 이용하다 연장하고자 했는데.. 실수로 연간을 해버렸네요. 이걸 어떻게 되돌릴 
수 있을까요? hello. my employee accidentally paid for an annual membership. we 
wanted to extend it to month-to-month... but we accidentally made it annual. How
can we reverse this? ––– Translated by Lokalise Messages​ This ...

🔍 KEYWORD DETECTION TEST (Word Boundaries):
  ✅ Billing: ['billing', 'refund', 'payment', 'subscription']
  ✅ Account: ['account']
  ✅ Bug: ['error']
  ✅ Product Question: ['how do', 'how to']
  ✅ Workspace: ['team']

🔑 ALL RAW KEYS IN CONVERSATION OBJECT:
  admin_assignee_id, ai_agent, ai_agent_participated, contacts, 
conversation_parts, conversation_rating, created_at, custom_attributes, 
first_contact_reply, id, linked_objects, open, priority, read, sla_applied, 
source, state, statistics, tags, team_assignee_id, teammates, topics, type, 
updated_at



================================================================================
CONVERSATION #19: 215471358435751
================================================================================

📋 TOP-LEVEL FIELDS (ALL):
  id: 215471358435751
  type: conversation
  created_at: 2025-10-19 13:06:14+00:00 (2025-10-19 13:06:14+00:00)
  updated_at: 2025-10-23 22:48:02+00:00 (2025-10-23 22:48:02+00:00)
  state: closed
  priority: not_priority
  read: True
  waiting_since: (none)
  snoozed_until: (none)
  open: False
  admin_assignee_id: 8826983
  team_assignee_id: 7711311

🤖 AI AGENT DATA:
  ai_agent_participated: True
  ai_agent object: EXISTS
    source_type: workflow
    source_title: Fin Over Messenger
    last_answer_type: ai_answer
    resolution_state: routed_to_team
    content_sources: {'type': 'content_source.list', 'total_count': 1, 
'content_sources': [{'content_type': 'article', 'url': 
'/fin-ai-agent/content?content=article&id=11888988', 'title': 'How can I add 
users to my workspace?', 'locale': 'en'}]}

🏷️  CUSTOM ATTRIBUTES:
  Has attachments: False
  Imported via standalone: False
  Auto-translated: False
  Fin AI Agent: Preview: False
  Copilot used: False
  Language: English
  Fin AI Agent resolution state: Routed to team
  Reason for contact: Workspace
  Workspace: Manage members
  CX Score rating: 2
  CX Score explanation: The customer experienced a persistent product issue with
a user showing as pending despite activation, expressing frustration and high 
effort. The AI Agent provided initial troubleshooting but the customer escalated
to a teammate who acknowledged the issue but could not resolve it, indicating a 
future update might fix it.

🔖 TAGS:
  (empty)

📑 TOPICS:
  - credits (type: topic)

👤 ASSIGNEE:
  (none)

💬 CONVERSATION PARTS:
  Total parts: 49

  Part 1:
    Type: bot
    Name: Support Sal
    Email: operator+ihnzqaok@intercom.io
    ID: 5643511
    Created: 2025-10-19 13:06:14 (1760879174)
    Body: ...

  Part 2:
    Type: bot
    Name: Support Sal
    Email: operator+ihnzqaok@intercom.io
    ID: 5643511
    Created: 2025-10-19 13:06:14 (1760879174)
    Body: ...

  Part 3:
    Type: bot
    Name: Support Sal
    Email: operator+ihnzqaok@intercom.io
    ID: 5643511
    Created: 2025-10-19 13:06:14 (1760879174)
    Body: ...

  Part 4:
    Type: bot
    Name: Support Sal
    Email: operator+ihnzqaok@intercom.io
    ID: 5643511
    Created: 2025-10-19 13:06:18 (1760879178)
    Body: ...

  Part 5:
    Type: bot
    Name: Support Sal
    Email: operator+ihnzqaok@intercom.io
    ID: 5643511
    Created: 2025-10-19 13:06:26 (1760879186)
    Body: <p>This happens sometimes when invitations get stuck. Here's how to 
fix it:</p>
<p><b>Revoke and re-invite the user:</b></p>
<ol>
<li>Go to your Works...

  ... and 44 more parts

📊 STATISTICS:
  type: conversation_statistics
  time_to_assignment: 0
  time_to_admin_reply: 8792
  time_to_first_close: 30192
  time_to_last_close: 288150
  median_time_to_reply: 21892
  first_contact_reply_at: 1760879174
  first_assignment_at: 1760879174
  first_admin_reply_at: 1760887966
  first_close_at: 1760909366
  last_assignment_at: 1760908020
  last_assignment_admin_reply_at: 1760909351
  last_contact_reply_at: 1761140357
  last_admin_reply_at: 1761167496
  last_close_at: 1761167504
  last_closed_by_id: 8826983
  count_reopens: 1
  count_assignments: 5
  count_conversation_parts: 50
  assigned_team_first_response_time: [{'team_id': 7711311, 'team_name': 'Paid 
Support', 'response_time': 8691.0}]
  assigned_team_first_response_time_in_office_hours: [{'team_id': 7711311, 
'team_name': 'Paid Support', 'response_time': 8691}]
  handling_time: 94054

⭐ CONVERSATION RATING:
  created_at: 1761253907
  contact: {'type': 'contact', 'id': '689c7e683690ad5ba957747b', 'external_id': 
'f262jr5v16j1b0d'}
  teammate: {'type': 'admin', 'id': '8826983'}
  updated_at: 1761253907

👥 CONTACTS:
  Contact 1:
    ID: 689c7e683690ad5ba957747b
    Email: shahar.mesika@shift4.com
    Role: user
    Custom Attributes: ['jobFunction', 'stripe_account_balance', 
'stripe_card_brand', 'stripe_card_expires_at', 'stripe_deleted']

📨 SOURCE MESSAGE:
  Type: conversation
  ID: 3211127919
  Author Type: user
  Author ID: 689c7e683690ad5ba957747b
  Body: <p>user email <a href="mailto:orly.traubici@shift4.com" rel="nofollow" 
target="_blank" class="intercom-content-link">orly.traubici@shift4.com</a>, 
act...

📝 EXTRACTED TEXT:
  Length: 6673 chars
  First 300 chars: user email orly.traubici@shift4.com, activated but still show
up in Pending invitations please help This happens sometimes when invitations 
get stuck. Here's how to fix it: Revoke and re-invite the user: Go to your 
Workspace Member Settings or Invitation tab Find orly.traubici@shift4.com and 
revoke ...

🔍 KEYWORD DETECTION TEST (Word Boundaries):
  ✅ Billing: ['billing']
  ✅ Account: ['account', 'login', 'password', 'email']
  ✅ Product Question: ['how to', 'can i']
  ✅ Workspace: ['workspace', 'team', 'member', 'invite']

🔑 ALL RAW KEYS IN CONVERSATION OBJECT:
  admin_assignee_id, ai_agent, ai_agent_participated, contacts, 
conversation_parts, conversation_rating, created_at, custom_attributes, 
first_contact_reply, id, linked_objects, open, priority, read, sla_applied, 
source, state, statistics, tags, team_assignee_id, teammates, topics, type, 
updated_at



================================================================================
CONVERSATION #20: 215471362509154
================================================================================

📋 TOP-LEVEL FIELDS (ALL):
  id: 215471362509154
  type: conversation
  created_at: 2025-10-19 22:37:50+00:00 (2025-10-19 22:37:50+00:00)
  updated_at: 2025-10-23 21:00:49+00:00 (2025-10-23 21:00:49+00:00)
  state: closed
  priority: not_priority
  read: True
  waiting_since: (none)
  snoozed_until: (none)
  open: False
  admin_assignee_id: 7898054
  team_assignee_id: 7711311

🤖 AI AGENT DATA:
  ai_agent_participated: True
  ai_agent object: EXISTS
    source_type: workflow
    source_title: Fin Over Messenger
    last_answer_type: ai_answer
    resolution_state: routed_to_team
    content_sources: {'type': 'content_source.list', 'total_count': 5, 
'content_sources': [{'content_type': 'article', 'url': 
'/fin-ai-agent/content?content=article&id=7799430', 'title': 'What’s the best 
way to add blocks and content in Gamma?', 'locale': 'en'}, {'content_type': 
'article', 'url': '/fin-ai-agent/content?content=article&id=11840402', 'title': 
'Where do I start when adding content in Gamma?', 'locale': 'en'}, 
{'content_type': 'article', 'url': 
'/fin-ai-agent/content?content=article&id=11858966', 'title': 'How do I add, 
edit, and style text in Gamma?', 'locale': 'en'}, {'content_type': 'article', 
'url': '/fin-ai-agent/content?content=article&id=11888754', 'title': 'How do I 
link within my Gamma site?', 'locale': 'en'}, {'content_type': 'article', 'url':
'/fin-ai-agent/content?content=article&id=11889728', 'title': 'Why am I having 
trouble connecting to Gamma?', 'locale': 'en'}]}

🏷️  CUSTOM ATTRIBUTES:
  Has attachments: True
  Imported via standalone: False
  Auto-translated: False
  Fin AI Agent: Preview: False
  Copilot used: False
  Language: English
  Fin AI Agent resolution state: Routed to team
  Reason for contact: Abuse
  CX Score rating: 2
  CX Score explanation: The customer experienced frustration with the product's 
inability to embed their contact form link due to it being flagged as malicious 
by company policy. The AI Agent provided instructions but could not resolve the 
issue, leading to escalation to teammates who confirmed the policy and could not
override the block.
  Abuse: Disabled
  Disabled: Malicious links
  Moderator decision: Keep disabled

🔖 TAGS:
  (empty)

📑 TOPICS:
  - publish (type: topic)
  - html (type: topic)
  - publish (type: topic)

👤 ASSIGNEE:
  (none)

💬 CONVERSATION PARTS:
  Total parts: 66

  Part 1:
    Type: bot
    Name: Support Sal
    Email: operator+ihnzqaok@intercom.io
    ID: 5643511
    Created: 2025-10-19 22:37:50 (1760913470)
    Body: ...

  Part 2:
    Type: bot
    Name: Support Sal
    Email: operator+ihnzqaok@intercom.io
    ID: 5643511
    Created: 2025-10-19 22:37:51 (1760913471)
    Body: ...

  Part 3:
    Type: bot
    Name: Support Sal
    Email: operator+ihnzqaok@intercom.io
    ID: 5643511
    Created: 2025-10-19 22:37:51 (1760913471)
    Body: ...

  Part 4:
    Type: bot
    Name: Support Sal
    Email: operator+ihnzqaok@intercom.io
    ID: 5643511
    Created: 2025-10-19 22:37:55 (1760913475)
    Body: ...

  Part 5:
    Type: bot
    Name: Support Sal
    Email: operator+ihnzqaok@intercom.io
    ID: 5643511
    Created: 2025-10-19 22:38:12 (1760913492)
    Body: <p>You can add links and HTML content to your Gamma site using several
methods:<a class="inline-citation intercom-content-link" 
data-entity-id="118404...

  ... and 61 more parts

📊 STATISTICS:
  type: conversation_statistics
  time_to_assignment: 1
  time_to_admin_reply: 5610
  time_to_first_close: 92724
  time_to_last_close: 247094
  median_time_to_reply: 4594
  first_contact_reply_at: 1760913470
  first_assignment_at: 1760913471
  first_admin_reply_at: 1760919080
  first_close_at: 1761006254
  last_assignment_at: 1761087434
  last_assignment_admin_reply_at: 1761160728
  last_contact_reply_at: 1761086405
  last_admin_reply_at: 1761160728
  last_close_at: 1761160744
  last_closed_by_id: 7898054
  count_reopens: 2
  count_assignments: 4
  count_conversation_parts: 67
  assigned_team_first_response_time: [{'team_id': 7711311, 'team_name': 'Paid 
Support', 'response_time': 5047.0}]
  assigned_team_first_response_time_in_office_hours: [{'team_id': 7711311, 
'team_name': 'Paid Support', 'response_time': 5047}]
  handling_time: 87884

⭐ CONVERSATION RATING:
  created_at: 1761247147
  contact: {'type': 'contact', 'id': '649c93f59d8aa14bcd609e5c', 'external_id': 
'5qwo63jj6lptu0b'}
  teammate: {'type': 'admin', 'id': '7898054'}
  updated_at: 1761247147

👥 CONTACTS:
  Contact 1:
    ID: 649c93f59d8aa14bcd609e5c
    Email: dhdigitalconsulting@gmail.com
    Role: user
    Custom Attributes: ['article_id', 'jobFunction', 'stripe_account_balance', 
'stripe_card_brand', 'stripe_card_expires_at']

📨 SOURCE MESSAGE:
  Type: conversation
  ID: 3211794756
  Author Type: user
  Author ID: 649c93f59d8aa14bcd609e5c
  Body: <p>I built this website a week ago and could not insert the html or link
for the contact form I created in GHL. Why is that? I had to add the html to ...

📝 EXTRACTED TEXT:
  Length: 6691 chars
  First 300 chars: I built this website a week ago and could not insert the html
or link for the contact form I created in GHL. Why is that? I had to add the 
html to my website and link it that way which takes the user away from this 
gamma page. You can add links and HTML content to your Gamma site using several 
metho...

🔍 KEYWORD DETECTION TEST (Word Boundaries):
  ✅ Billing: ['billing']
  ✅ Account: ['account']
  ✅ Bug: ['bug', 'error', 'not working']
  ✅ Product Question: ['how do', 'question']
  ✅ Workspace: ['team']

🔑 ALL RAW KEYS IN CONVERSATION OBJECT:
  admin_assignee_id, ai_agent, ai_agent_participated, contacts, 
conversation_parts, conversation_rating, created_at, custom_attributes, 
first_contact_reply, id, linked_objects, open, priority, read, sla_applied, 
source, state, statistics, tags, team_assignee_id, teammates, topics, type, 
updated_at



================================================================================
✅ SAMPLE MODE COMPLETE
================================================================================

All detailed analysis is shown above in this console.
No need to check JSON files - everything you need is here! 👆

